,year,District Number,District Name,Grade,Mean Scale Score ,subject
0,2017,1,ALACHUA,3,302,Maths
1,2017,2,BAKER,3,307,Maths
2,2017,3,BAY,3,299,Maths
3,2017,4,BRADFORD,3,297,Maths
4,2017,5,BREVARD,3,302,Maths
5,2017,6,BROWARD,3,302,Maths
6,2017,7,CALHOUN,3,305,Maths
7,2017,8,CHARLOTTE,3,306,Maths
8,2017,9,CITRUS,3,304,Maths
9,2017,10,CLAY,3,304,Maths
10,2017,11,COLLIER,3,305,Maths
11,2017,12,COLUMBIA,3,304,Maths
12,2017,13,DADE,3,304,Maths
13,2017,14,DESOTO,3,291,Maths
14,2017,15,DIXIE,3,304,Maths
15,2017,16,DUVAL,3,302,Maths
16,2017,17,ESCAMBIA,3,298,Maths
17,2017,18,FLAGLER,3,306,Maths
18,2017,19,FRANKLIN,3,295,Maths
19,2017,20,GADSDEN,3,298,Maths
20,2017,21,GILCHRIST,3,306,Maths
21,2017,22,GLADES,3,304,Maths
22,2017,23,GULF,3,302,Maths
23,2017,24,HAMILTON,3,298,Maths
24,2017,25,HARDEE,3,304,Maths
25,2017,26,HENDRY,3,295,Maths
26,2017,27,HERNANDO,3,303,Maths
27,2017,28,HIGHLANDS,3,300,Maths
28,2017,29,HILLSBOROUGH,3,299,Maths
29,2017,30,HOLMES,3,298,Maths
30,2017,31,INDIAN RIVER,3,301,Maths
31,2017,32,JACKSON,3,308,Maths
32,2017,33,JEFFERSON,3,292,Maths
33,2017,34,LAFAYETTE,3,307,Maths
34,2017,35,LAKE,3,304,Maths
35,2017,36,LEE,3,299,Maths
36,2017,37,LEON,3,302,Maths
37,2017,38,LEVY,3,303,Maths
38,2017,39,LIBERTY,3,303,Maths
39,2017,40,MADISON,3,302,Maths
40,2017,41,MANATEE,3,296,Maths
41,2017,42,MARION,3,295,Maths
42,2017,43,MARTIN,3,304,Maths
43,2017,44,MONROE,3,303,Maths
44,2017,45,NASSAU,3,312,Maths
45,2017,46,OKALOOSA,3,307,Maths
46,2017,47,OKEECHOBEE,3,303,Maths
47,2017,48,ORANGE,3,303,Maths
48,2017,49,OSCEOLA,3,299,Maths
49,2017,50,PALM BEACH,3,302,Maths
50,2017,51,PASCO,3,299,Maths
51,2017,52,PINELLAS,3,301,Maths
52,2017,53,POLK,3,300,Maths
53,2017,54,PUTNAM,3,295,Maths
54,2017,55,ST. JOHNS,3,312,Maths
55,2017,56,ST. LUCIE,3,298,Maths
56,2017,57,SANTA ROSA,3,308,Maths
57,2017,58,SARASOTA,3,308,Maths
58,2017,59,SEMINOLE,3,305,Maths
59,2017,60,SUMTER,3,307,Maths
60,2017,61,SUWANNEE,3,300,Maths
61,2017,62,TAYLOR,3,303,Maths
62,2017,63,UNION,3,311,Maths
63,2017,64,VOLUSIA,3,301,Maths
64,2017,65,WAKULLA,3,302,Maths
65,2017,66,WALTON,3,307,Maths
66,2017,67,WASHINGTON,3,304,Maths
67,2017,68,DEAF/BLIND,3,278,Maths
68,2017,71,FL VIRTUAL,3,294,Maths
69,2017,72,FAU LAB SCH,3,310,Maths
70,2017,73,FSU LAB SCH,3,313,Maths
71,2017,74,FAMU LAB SCH,3,298,Maths
72,2017,75,UF LAB SCH,3,304,Maths
0,2017,1,ALACHUA,4,317,Maths
1,2017,2,BAKER,4,316,Maths
2,2017,3,BAY,4,316,Maths
3,2017,4,BRADFORD,4,313,Maths
4,2017,5,BREVARD,4,314,Maths
5,2017,6,BROWARD,4,317,Maths
6,2017,7,CALHOUN,4,318,Maths
7,2017,8,CHARLOTTE,4,319,Maths
8,2017,9,CITRUS,4,320,Maths
9,2017,10,CLAY,4,317,Maths
10,2017,11,COLLIER,4,318,Maths
11,2017,12,COLUMBIA,4,319,Maths
12,2017,13,DADE,4,318,Maths
13,2017,14,DESOTO,4,311,Maths
14,2017,15,DIXIE,4,315,Maths
15,2017,16,DUVAL,4,316,Maths
16,2017,17,ESCAMBIA,4,311,Maths
17,2017,18,FLAGLER,4,317,Maths
18,2017,19,FRANKLIN,4,301,Maths
19,2017,20,GADSDEN,4,313,Maths
20,2017,21,GILCHRIST,4,317,Maths
21,2017,22,GLADES,4,310,Maths
22,2017,23,GULF,4,318,Maths
23,2017,24,HAMILTON,4,299,Maths
24,2017,25,HARDEE,4,319,Maths
25,2017,26,HENDRY,4,312,Maths
26,2017,27,HERNANDO,4,317,Maths
27,2017,28,HIGHLANDS,4,315,Maths
28,2017,29,HILLSBOROUGH,4,313,Maths
29,2017,30,HOLMES,4,318,Maths
30,2017,31,INDIAN RIVER,4,314,Maths
31,2017,32,JACKSON,4,322,Maths
32,2017,33,JEFFERSON,4,305,Maths
33,2017,34,LAFAYETTE,4,324,Maths
34,2017,35,LAKE,4,315,Maths
35,2017,36,LEE,4,315,Maths
36,2017,37,LEON,4,318,Maths
37,2017,38,LEVY,4,312,Maths
38,2017,39,LIBERTY,4,316,Maths
39,2017,40,MADISON,4,310,Maths
40,2017,41,MANATEE,4,313,Maths
41,2017,42,MARION,4,312,Maths
42,2017,43,MARTIN,4,318,Maths
43,2017,44,MONROE,4,319,Maths
44,2017,45,NASSAU,4,323,Maths
45,2017,46,OKALOOSA,4,323,Maths
46,2017,47,OKEECHOBEE,4,313,Maths
47,2017,48,ORANGE,4,317,Maths
48,2017,49,OSCEOLA,4,311,Maths
49,2017,50,PALM BEACH,4,317,Maths
50,2017,51,PASCO,4,314,Maths
51,2017,52,PINELLAS,4,317,Maths
52,2017,53,POLK,4,314,Maths
53,2017,54,PUTNAM,4,310,Maths
54,2017,55,ST. JOHNS,4,326,Maths
55,2017,56,ST. LUCIE,4,312,Maths
56,2017,57,SANTA ROSA,4,321,Maths
57,2017,58,SARASOTA,4,322,Maths
58,2017,59,SEMINOLE,4,320,Maths
59,2017,60,SUMTER,4,322,Maths
60,2017,61,SUWANNEE,4,311,Maths
61,2017,62,TAYLOR,4,309,Maths
62,2017,63,UNION,4,326,Maths
63,2017,64,VOLUSIA,4,316,Maths
64,2017,65,WAKULLA,4,314,Maths
65,2017,66,WALTON,4,318,Maths
66,2017,67,WASHINGTON,4,320,Maths
67,2017,68,DEAF/BLIND,4,284,Maths
68,2017,71,FL VIRTUAL,4,305,Maths
69,2017,72,FAU LAB SCH,4,319,Maths
70,2017,73,FSU LAB SCH,4,326,Maths
71,2017,74,FAMU LAB SCH,4,318,Maths
72,2017,75,UF LAB SCH,4,313,Maths
0,2017,1,ALACHUA,5,326,Maths
1,2017,2,BAKER,5,326,Maths
2,2017,3,BAY,5,320,Maths
3,2017,4,BRADFORD,5,318,Maths
4,2017,5,BREVARD,5,322,Maths
5,2017,6,BROWARD,5,324,Maths
6,2017,7,CALHOUN,5,316,Maths
7,2017,8,CHARLOTTE,5,323,Maths
8,2017,9,CITRUS,5,328,Maths
9,2017,10,CLAY,5,323,Maths
10,2017,11,COLLIER,5,326,Maths
11,2017,12,COLUMBIA,5,328,Maths
12,2017,13,DADE,5,324,Maths
13,2017,14,DESOTO,5,310,Maths
14,2017,15,DIXIE,5,315,Maths
15,2017,16,DUVAL,5,322,Maths
16,2017,17,ESCAMBIA,5,319,Maths
17,2017,18,FLAGLER,5,323,Maths
18,2017,19,FRANKLIN,5,310,Maths
19,2017,20,GADSDEN,5,320,Maths
20,2017,21,GILCHRIST,5,325,Maths
21,2017,22,GLADES,5,317,Maths
22,2017,23,GULF,5,322,Maths
23,2017,24,HAMILTON,5,312,Maths
24,2017,25,HARDEE,5,325,Maths
25,2017,26,HENDRY,5,315,Maths
26,2017,27,HERNANDO,5,322,Maths
27,2017,28,HIGHLANDS,5,319,Maths
28,2017,29,HILLSBOROUGH,5,320,Maths
29,2017,30,HOLMES,5,315,Maths
30,2017,31,INDIAN RIVER,5,321,Maths
31,2017,32,JACKSON,5,324,Maths
32,2017,33,JEFFERSON,5,312,Maths
33,2017,34,LAFAYETTE,5,316,Maths
34,2017,35,LAKE,5,321,Maths
35,2017,36,LEE,5,321,Maths
36,2017,37,LEON,5,326,Maths
37,2017,38,LEVY,5,315,Maths
38,2017,39,LIBERTY,5,309,Maths
39,2017,40,MADISON,5,308,Maths
40,2017,41,MANATEE,5,320,Maths
41,2017,42,MARION,5,315,Maths
42,2017,43,MARTIN,5,323,Maths
43,2017,44,MONROE,5,324,Maths
44,2017,45,NASSAU,5,333,Maths
45,2017,46,OKALOOSA,5,328,Maths
46,2017,47,OKEECHOBEE,5,320,Maths
47,2017,48,ORANGE,5,322,Maths
48,2017,49,OSCEOLA,5,318,Maths
49,2017,50,PALM BEACH,5,325,Maths
50,2017,51,PASCO,5,319,Maths
51,2017,52,PINELLAS,5,322,Maths
52,2017,53,POLK,5,317,Maths
53,2017,54,PUTNAM,5,315,Maths
54,2017,55,ST. JOHNS,5,337,Maths
55,2017,56,ST. LUCIE,5,316,Maths
56,2017,57,SANTA ROSA,5,328,Maths
57,2017,58,SARASOTA,5,331,Maths
58,2017,59,SEMINOLE,5,324,Maths
59,2017,60,SUMTER,5,329,Maths
60,2017,61,SUWANNEE,5,316,Maths
61,2017,62,TAYLOR,5,319,Maths
62,2017,63,UNION,5,330,Maths
63,2017,64,VOLUSIA,5,321,Maths
64,2017,65,WAKULLA,5,329,Maths
65,2017,66,WALTON,5,327,Maths
66,2017,67,WASHINGTON,5,319,Maths
67,2017,68,DEAF/BLIND,5,285,Maths
68,2017,71,FL VIRTUAL,5,309,Maths
69,2017,72,FAU LAB SCH,5,333,Maths
70,2017,73,FSU LAB SCH,5,334,Maths
71,2017,74,FAMU LAB SCH,5,319,Maths
72,2017,75,UF LAB SCH,5,317,Maths
0,2017,1,ALACHUA,6,322,Maths
1,2017,2,BAKER,6,328,Maths
2,2017,3,BAY,6,324,Maths
3,2017,4,BRADFORD,6,319,Maths
4,2017,5,BREVARD,6,333,Maths
5,2017,6,BROWARD,6,325,Maths
6,2017,7,CALHOUN,6,325,Maths
7,2017,8,CHARLOTTE,6,324,Maths
8,2017,9,CITRUS,6,327,Maths
9,2017,10,CLAY,6,332,Maths
10,2017,11,COLLIER,6,329,Maths
11,2017,12,COLUMBIA,6,326,Maths
12,2017,13,DADE,6,324,Maths
13,2017,14,DESOTO,6,314,Maths
14,2017,15,DIXIE,6,316,Maths
15,2017,16,DUVAL,6,317,Maths
16,2017,17,ESCAMBIA,6,314,Maths
17,2017,18,FLAGLER,6,332,Maths
18,2017,19,FRANKLIN,6,322,Maths
19,2017,20,GADSDEN,6,317,Maths
20,2017,21,GILCHRIST,6,325,Maths
21,2017,22,GLADES,6,326,Maths
22,2017,23,GULF,6,326,Maths
23,2017,24,HAMILTON,6,321,Maths
24,2017,25,HARDEE,6,317,Maths
25,2017,26,HENDRY,6,322,Maths
26,2017,27,HERNANDO,6,324,Maths
27,2017,28,HIGHLANDS,6,321,Maths
28,2017,29,HILLSBOROUGH,6,321,Maths
29,2017,30,HOLMES,6,312,Maths
30,2017,31,INDIAN RIVER,6,320,Maths
31,2017,32,JACKSON,6,323,Maths
32,2017,33,JEFFERSON,6,301,Maths
33,2017,34,LAFAYETTE,6,332,Maths
34,2017,35,LAKE,6,322,Maths
35,2017,36,LEE,6,325,Maths
36,2017,37,LEON,6,326,Maths
37,2017,38,LEVY,6,316,Maths
38,2017,39,LIBERTY,6,319,Maths
39,2017,40,MADISON,6,311,Maths
40,2017,41,MANATEE,6,324,Maths
41,2017,42,MARION,6,315,Maths
42,2017,43,MARTIN,6,330,Maths
43,2017,44,MONROE,6,323,Maths
44,2017,45,NASSAU,6,329,Maths
45,2017,46,OKALOOSA,6,329,Maths
46,2017,47,OKEECHOBEE,6,321,Maths
47,2017,48,ORANGE,6,318,Maths
48,2017,49,OSCEOLA,6,318,Maths
49,2017,50,PALM BEACH,6,325,Maths
50,2017,51,PASCO,6,325,Maths
51,2017,52,PINELLAS,6,318,Maths
52,2017,53,POLK,6,317,Maths
53,2017,54,PUTNAM,6,317,Maths
54,2017,55,ST. JOHNS,6,336,Maths
55,2017,56,ST. LUCIE,6,321,Maths
56,2017,57,SANTA ROSA,6,331,Maths
57,2017,58,SARASOTA,6,332,Maths
58,2017,59,SEMINOLE,6,331,Maths
59,2017,60,SUMTER,6,329,Maths
60,2017,61,SUWANNEE,6,317,Maths
61,2017,62,TAYLOR,6,312,Maths
62,2017,63,UNION,6,329,Maths
63,2017,64,VOLUSIA,6,321,Maths
64,2017,65,WAKULLA,6,328,Maths
65,2017,66,WALTON,6,329,Maths
66,2017,67,WASHINGTON,6,323,Maths
67,2017,68,DEAF/BLIND,6,299,Maths
68,2017,71,FL VIRTUAL,6,326,Maths
69,2017,72,FAU LAB SCH,6,345,Maths
70,2017,73,FSU LAB SCH,6,339,Maths
71,2017,74,FAMU LAB SCH,6,314,Maths
72,2017,75,UF LAB SCH,6,325,Maths
0,2017,1,ALACHUA,7,333,Maths
1,2017,2,BAKER,7,331,Maths
2,2017,3,BAY,7,332,Maths
3,2017,4,BRADFORD,7,321,Maths
4,2017,5,BREVARD,7,333,Maths
5,2017,6,BROWARD,7,330,Maths
6,2017,7,CALHOUN,7,334,Maths
7,2017,8,CHARLOTTE,7,332,Maths
8,2017,9,CITRUS,7,332,Maths
9,2017,10,CLAY,7,335,Maths
10,2017,11,COLLIER,7,338,Maths
11,2017,12,COLUMBIA,7,329,Maths
12,2017,13,DADE,7,327,Maths
13,2017,14,DESOTO,7,319,Maths
14,2017,15,DIXIE,7,326,Maths
15,2017,16,DUVAL,7,327,Maths
16,2017,17,ESCAMBIA,7,324,Maths
17,2017,18,FLAGLER,7,331,Maths
18,2017,19,FRANKLIN,7,323,Maths
19,2017,20,GADSDEN,7,321,Maths
20,2017,21,GILCHRIST,7,337,Maths
21,2017,22,GLADES,7,329,Maths
22,2017,23,GULF,7,333,Maths
23,2017,24,HAMILTON,7,318,Maths
24,2017,25,HARDEE,7,323,Maths
25,2017,26,HENDRY,7,313,Maths
26,2017,27,HERNANDO,7,335,Maths
27,2017,28,HIGHLANDS,7,326,Maths
28,2017,29,HILLSBOROUGH,7,334,Maths
29,2017,30,HOLMES,7,329,Maths
30,2017,31,INDIAN RIVER,7,329,Maths
31,2017,32,JACKSON,7,329,Maths
32,2017,33,JEFFERSON,7,309,Maths
33,2017,34,LAFAYETTE,7,340,Maths
34,2017,35,LAKE,7,330,Maths
35,2017,36,LEE,7,331,Maths
36,2017,37,LEON,7,332,Maths
37,2017,38,LEVY,7,328,Maths
38,2017,39,LIBERTY,7,329,Maths
39,2017,40,MADISON,7,321,Maths
40,2017,41,MANATEE,7,330,Maths
41,2017,42,MARION,7,326,Maths
42,2017,43,MARTIN,7,336,Maths
43,2017,44,MONROE,7,333,Maths
44,2017,45,NASSAU,7,340,Maths
45,2017,46,OKALOOSA,7,340,Maths
46,2017,47,OKEECHOBEE,7,322,Maths
47,2017,48,ORANGE,7,329,Maths
48,2017,49,OSCEOLA,7,317,Maths
49,2017,50,PALM BEACH,7,320,Maths
50,2017,51,PASCO,7,322,Maths
51,2017,52,PINELLAS,7,332,Maths
52,2017,53,POLK,7,322,Maths
53,2017,54,PUTNAM,7,316,Maths
54,2017,55,ST. JOHNS,7,345,Maths
55,2017,56,ST. LUCIE,7,326,Maths
56,2017,57,SANTA ROSA,7,340,Maths
57,2017,58,SARASOTA,7,330,Maths
58,2017,59,SEMINOLE,7,335,Maths
59,2017,60,SUMTER,7,330,Maths
60,2017,61,SUWANNEE,7,327,Maths
61,2017,62,TAYLOR,7,322,Maths
62,2017,63,UNION,7,340,Maths
63,2017,64,VOLUSIA,7,325,Maths
64,2017,65,WAKULLA,7,333,Maths
65,2017,66,WALTON,7,330,Maths
66,2017,67,WASHINGTON,7,328,Maths
67,2017,68,DEAF/BLIND,7,305,Maths
68,2017,71,FL VIRTUAL,7,334,Maths
69,2017,72,FAU LAB SCH,7,345,Maths
70,2017,73,FSU LAB SCH,7,340,Maths
71,2017,74,FAMU LAB SCH,7,328,Maths
72,2017,75,UF LAB SCH,7,348,Maths
0,2018,1,ALACHUA,3,300,Maths
1,2018,2,BAKER,3,308,Maths
2,2018,3,BAY,3,303,Maths
3,2018,4,BRADFORD,3,300,Maths
4,2018,5,BREVARD,3,302,Maths
5,2018,6,BROWARD,3,302,Maths
6,2018,7,CALHOUN,3,308,Maths
7,2018,8,CHARLOTTE,3,305,Maths
8,2018,9,CITRUS,3,303,Maths
9,2018,10,CLAY,3,306,Maths
10,2018,11,COLLIER,3,304,Maths
11,2018,12,COLUMBIA,3,303,Maths
12,2018,13,MIAMI-DADE,3,304,Maths
13,2018,14,DESOTO,3,288,Maths
14,2018,15,DIXIE,3,301,Maths
15,2018,16,DUVAL,3,301,Maths
16,2018,17,ESCAMBIA,3,297,Maths
17,2018,18,FLAGLER,3,304,Maths
18,2018,19,FRANKLIN,3,293,Maths
19,2018,20,GADSDEN,3,300,Maths
20,2018,21,GILCHRIST,3,308,Maths
21,2018,22,GLADES,3,303,Maths
22,2018,23,GULF,3,298,Maths
23,2018,24,HAMILTON,3,298,Maths
24,2018,25,HARDEE,3,303,Maths
25,2018,26,HENDRY,3,295,Maths
26,2018,27,HERNANDO,3,304,Maths
27,2018,28,HIGHLANDS,3,301,Maths
28,2018,29,HILLSBOROUGH,3,298,Maths
29,2018,30,HOLMES,3,298,Maths
30,2018,31,INDIAN RIVER,3,301,Maths
31,2018,32,JACKSON,3,305,Maths
32,2018,33,JEFFERSON,3,295,Maths
33,2018,34,LAFAYETTE,3,305,Maths
34,2018,35,LAKE,3,303,Maths
35,2018,36,LEE,3,300,Maths
36,2018,37,LEON,3,303,Maths
37,2018,38,LEVY,3,298,Maths
38,2018,39,LIBERTY,3,306,Maths
39,2018,40,MADISON,3,301,Maths
40,2018,41,MANATEE,3,298,Maths
41,2018,42,MARION,3,293,Maths
42,2018,43,MARTIN,3,302,Maths
43,2018,44,MONROE,3,302,Maths
44,2018,45,NASSAU,3,309,Maths
45,2018,46,OKALOOSA,3,306,Maths
46,2018,47,OKEECHOBEE,3,302,Maths
47,2018,48,ORANGE,3,301,Maths
48,2018,49,OSCEOLA,3,296,Maths
49,2018,50,PALM BEACH,3,303,Maths
50,2018,51,PASCO,3,300,Maths
51,2018,52,PINELLAS,3,301,Maths
52,2018,53,POLK,3,299,Maths
53,2018,54,PUTNAM,3,294,Maths
54,2018,55,ST. JOHNS,3,311,Maths
55,2018,56,ST. LUCIE,3,297,Maths
56,2018,57,SANTA ROSA,3,306,Maths
57,2018,58,SARASOTA,3,308,Maths
58,2018,59,SEMINOLE,3,305,Maths
59,2018,60,SUMTER,3,303,Maths
60,2018,61,SUWANNEE,3,301,Maths
61,2018,62,TAYLOR,3,303,Maths
62,2018,63,UNION,3,307,Maths
63,2018,64,VOLUSIA,3,299,Maths
64,2018,65,WAKULLA,3,303,Maths
65,2018,66,WALTON,3,305,Maths
66,2018,67,WASHINGTON,3,306,Maths
67,2018,68,DEAF/BLIND,3,273,Maths
68,2018,71,FL VIRTUAL,3,296,Maths
69,2018,72,FAU LAB SCH,3,312,Maths
70,2018,73,FSU LAB SCH,3,315,Maths
71,2018,74,FAMU LAB SCH,3,296,Maths
72,2018,75,UF LAB SCH,3,304,Maths
0,2018,1,ALACHUA,4,315,Maths
1,2018,2,BAKER,4,313,Maths
2,2018,3,BAY,4,313,Maths
3,2018,4,BRADFORD,4,311,Maths
4,2018,5,BREVARD,4,313,Maths
5,2018,6,BROWARD,4,316,Maths
6,2018,7,CALHOUN,4,318,Maths
7,2018,8,CHARLOTTE,4,314,Maths
8,2018,9,CITRUS,4,316,Maths
9,2018,10,CLAY,4,317,Maths
10,2018,11,COLLIER,4,318,Maths
11,2018,12,COLUMBIA,4,319,Maths
12,2018,13,MIAMI-DADE,4,318,Maths
13,2018,14,DESOTO,4,310,Maths
14,2018,15,DIXIE,4,313,Maths
15,2018,16,DUVAL,4,314,Maths
16,2018,17,ESCAMBIA,4,312,Maths
17,2018,18,FLAGLER,4,315,Maths
18,2018,19,FRANKLIN,4,310,Maths
19,2018,20,GADSDEN,4,307,Maths
20,2018,21,GILCHRIST,4,320,Maths
21,2018,22,GLADES,4,311,Maths
22,2018,23,GULF,4,310,Maths
23,2018,24,HAMILTON,4,309,Maths
24,2018,25,HARDEE,4,318,Maths
25,2018,26,HENDRY,4,312,Maths
26,2018,27,HERNANDO,4,313,Maths
27,2018,28,HIGHLANDS,4,310,Maths
28,2018,29,HILLSBOROUGH,4,312,Maths
29,2018,30,HOLMES,4,317,Maths
30,2018,31,INDIAN RIVER,4,315,Maths
31,2018,32,JACKSON,4,321,Maths
32,2018,33,JEFFERSON,4,313,Maths
33,2018,34,LAFAYETTE,4,329,Maths
34,2018,35,LAKE,4,314,Maths
35,2018,36,LEE,4,313,Maths
36,2018,37,LEON,4,315,Maths
37,2018,38,LEVY,4,313,Maths
38,2018,39,LIBERTY,4,310,Maths
39,2018,40,MADISON,4,311,Maths
40,2018,41,MANATEE,4,313,Maths
41,2018,42,MARION,4,306,Maths
42,2018,43,MARTIN,4,316,Maths
43,2018,44,MONROE,4,316,Maths
44,2018,45,NASSAU,4,325,Maths
45,2018,46,OKALOOSA,4,319,Maths
46,2018,47,OKEECHOBEE,4,311,Maths
47,2018,48,ORANGE,4,314,Maths
48,2018,49,OSCEOLA,4,309,Maths
49,2018,50,PALM BEACH,4,315,Maths
50,2018,51,PASCO,4,313,Maths
51,2018,52,PINELLAS,4,314,Maths
52,2018,53,POLK,4,312,Maths
53,2018,54,PUTNAM,4,308,Maths
54,2018,55,ST. JOHNS,4,326,Maths
55,2018,56,ST. LUCIE,4,311,Maths
56,2018,57,SANTA ROSA,4,321,Maths
57,2018,58,SARASOTA,4,321,Maths
58,2018,59,SEMINOLE,4,318,Maths
59,2018,60,SUMTER,4,320,Maths
60,2018,61,SUWANNEE,4,303,Maths
61,2018,62,TAYLOR,4,311,Maths
62,2018,63,UNION,4,323,Maths
63,2018,64,VOLUSIA,4,313,Maths
64,2018,65,WAKULLA,4,312,Maths
65,2018,66,WALTON,4,316,Maths
66,2018,67,WASHINGTON,4,321,Maths
67,2018,68,DEAF/BLIND,4,276,Maths
68,2018,71,FL VIRTUAL,4,306,Maths
69,2018,72,FAU LAB SCH,4,321,Maths
70,2018,73,FSU LAB SCH,4,327,Maths
71,2018,74,FAMU LAB SCH,4,311,Maths
72,2018,75,UF LAB SCH,4,311,Maths
0,2018,1,ALACHUA,5,325,Maths
1,2018,2,BAKER,5,323,Maths
2,2018,3,BAY,5,324,Maths
3,2018,4,BRADFORD,5,320,Maths
4,2018,5,BREVARD,5,323,Maths
5,2018,6,BROWARD,5,325,Maths
6,2018,7,CALHOUN,5,320,Maths
7,2018,8,CHARLOTTE,5,326,Maths
8,2018,9,CITRUS,5,324,Maths
9,2018,10,CLAY,5,327,Maths
10,2018,11,COLLIER,5,329,Maths
11,2018,12,COLUMBIA,5,327,Maths
12,2018,13,MIAMI-DADE,5,327,Maths
13,2018,14,DESOTO,5,314,Maths
14,2018,15,DIXIE,5,319,Maths
15,2018,16,DUVAL,5,325,Maths
16,2018,17,ESCAMBIA,5,319,Maths
17,2018,18,FLAGLER,5,323,Maths
18,2018,19,FRANKLIN,5,308,Maths
19,2018,20,GADSDEN,5,318,Maths
20,2018,21,GILCHRIST,5,328,Maths
21,2018,22,GLADES,5,313,Maths
22,2018,23,GULF,5,317,Maths
23,2018,24,HAMILTON,5,312,Maths
24,2018,25,HARDEE,5,328,Maths
25,2018,26,HENDRY,5,321,Maths
26,2018,27,HERNANDO,5,322,Maths
27,2018,28,HIGHLANDS,5,320,Maths
28,2018,29,HILLSBOROUGH,5,321,Maths
29,2018,30,HOLMES,5,318,Maths
30,2018,31,INDIAN RIVER,5,323,Maths
31,2018,32,JACKSON,5,325,Maths
32,2018,33,JEFFERSON,5,311,Maths
33,2018,34,LAFAYETTE,5,335,Maths
34,2018,35,LAKE,5,323,Maths
35,2018,36,LEE,5,323,Maths
36,2018,37,LEON,5,323,Maths
37,2018,38,LEVY,5,319,Maths
38,2018,39,LIBERTY,5,315,Maths
39,2018,40,MADISON,5,316,Maths
40,2018,41,MANATEE,5,322,Maths
41,2018,42,MARION,5,318,Maths
42,2018,43,MARTIN,5,325,Maths
43,2018,44,MONROE,5,324,Maths
44,2018,45,NASSAU,5,334,Maths
45,2018,46,OKALOOSA,5,330,Maths
46,2018,47,OKEECHOBEE,5,322,Maths
47,2018,48,ORANGE,5,323,Maths
48,2018,49,OSCEOLA,5,319,Maths
49,2018,50,PALM BEACH,5,328,Maths
50,2018,51,PASCO,5,323,Maths
51,2018,52,PINELLAS,5,325,Maths
52,2018,53,POLK,5,321,Maths
53,2018,54,PUTNAM,5,318,Maths
54,2018,55,ST. JOHNS,5,336,Maths
55,2018,56,ST. LUCIE,5,321,Maths
56,2018,57,SANTA ROSA,5,329,Maths
57,2018,58,SARASOTA,5,332,Maths
58,2018,59,SEMINOLE,5,328,Maths
59,2018,60,SUMTER,5,328,Maths
60,2018,61,SUWANNEE,5,317,Maths
61,2018,62,TAYLOR,5,316,Maths
62,2018,63,UNION,5,331,Maths
63,2018,64,VOLUSIA,5,322,Maths
64,2018,65,WAKULLA,5,327,Maths
65,2018,66,WALTON,5,324,Maths
66,2018,67,WASHINGTON,5,321,Maths
67,2018,68,DEAF/BLIND,5,287,Maths
68,2018,71,FL VIRTUAL,5,316,Maths
69,2018,72,FAU LAB SCH,5,333,Maths
70,2018,73,FSU LAB SCH,5,335,Maths
71,2018,74,FAMU LAB SCH,5,315,Maths
72,2018,75,UF LAB SCH,5,320,Maths
0,2018,1,ALACHUA,6,325,Maths
1,2018,2,BAKER,6,328,Maths
2,2018,3,BAY,6,325,Maths
3,2018,4,BRADFORD,6,316,Maths
4,2018,5,BREVARD,6,333,Maths
5,2018,6,BROWARD,6,326,Maths
6,2018,7,CALHOUN,6,327,Maths
7,2018,8,CHARLOTTE,6,321,Maths
8,2018,9,CITRUS,6,327,Maths
9,2018,10,CLAY,6,333,Maths
10,2018,11,COLLIER,6,330,Maths
11,2018,12,COLUMBIA,6,325,Maths
12,2018,13,MIAMI-DADE,6,326,Maths
13,2018,14,DESOTO,6,316,Maths
14,2018,15,DIXIE,6,308,Maths
15,2018,16,DUVAL,6,318,Maths
16,2018,17,ESCAMBIA,6,315,Maths
17,2018,18,FLAGLER,6,331,Maths
18,2018,19,FRANKLIN,6,319,Maths
19,2018,20,GADSDEN,6,321,Maths
20,2018,21,GILCHRIST,6,330,Maths
21,2018,22,GLADES,6,322,Maths
22,2018,23,GULF,6,331,Maths
23,2018,24,HAMILTON,6,323,Maths
24,2018,25,HARDEE,6,321,Maths
25,2018,26,HENDRY,6,320,Maths
26,2018,27,HERNANDO,6,325,Maths
27,2018,28,HIGHLANDS,6,320,Maths
28,2018,29,HILLSBOROUGH,6,322,Maths
29,2018,30,HOLMES,6,317,Maths
30,2018,31,INDIAN RIVER,6,323,Maths
31,2018,32,JACKSON,6,324,Maths
32,2018,33,JEFFERSON,6,314,Maths
33,2018,34,LAFAYETTE,6,330,Maths
34,2018,35,LAKE,6,322,Maths
35,2018,36,LEE,6,318,Maths
36,2018,37,LEON,6,328,Maths
37,2018,38,LEVY,6,318,Maths
38,2018,39,LIBERTY,6,322,Maths
39,2018,40,MADISON,6,316,Maths
40,2018,41,MANATEE,6,324,Maths
41,2018,42,MARION,6,319,Maths
42,2018,43,MARTIN,6,329,Maths
43,2018,44,MONROE,6,326,Maths
44,2018,45,NASSAU,6,331,Maths
45,2018,46,OKALOOSA,6,329,Maths
46,2018,47,OKEECHOBEE,6,326,Maths
47,2018,48,ORANGE,6,314,Maths
48,2018,49,OSCEOLA,6,319,Maths
49,2018,50,PALM BEACH,6,326,Maths
50,2018,51,PASCO,6,324,Maths
51,2018,52,PINELLAS,6,319,Maths
52,2018,53,POLK,6,317,Maths
53,2018,54,PUTNAM,6,322,Maths
54,2018,55,ST. JOHNS,6,336,Maths
55,2018,56,ST. LUCIE,6,321,Maths
56,2018,57,SANTA ROSA,6,330,Maths
57,2018,58,SARASOTA,6,332,Maths
58,2018,59,SEMINOLE,6,329,Maths
59,2018,60,SUMTER,6,332,Maths
60,2018,61,SUWANNEE,6,318,Maths
61,2018,62,TAYLOR,6,322,Maths
62,2018,63,UNION,6,328,Maths
63,2018,64,VOLUSIA,6,322,Maths
64,2018,65,WAKULLA,6,330,Maths
65,2018,66,WALTON,6,330,Maths
66,2018,67,WASHINGTON,6,326,Maths
67,2018,68,DEAF/BLIND,6,305,Maths
68,2018,71,FL VIRTUAL,6,327,Maths
69,2018,72,FAU LAB SCH,6,345,Maths
70,2018,73,FSU LAB SCH,6,339,Maths
71,2018,74,FAMU LAB SCH,6,319,Maths
72,2018,75,UF LAB SCH,6,330,Maths
0,2018,1,ALACHUA,7,334,Maths
1,2018,2,BAKER,7,329,Maths
2,2018,3,BAY,7,332,Maths
3,2018,4,BRADFORD,7,328,Maths
4,2018,5,BREVARD,7,334,Maths
5,2018,6,BROWARD,7,330,Maths
6,2018,7,CALHOUN,7,339,Maths
7,2018,8,CHARLOTTE,7,337,Maths
8,2018,9,CITRUS,7,333,Maths
9,2018,10,CLAY,7,333,Maths
10,2018,11,COLLIER,7,339,Maths
11,2018,12,COLUMBIA,7,331,Maths
12,2018,13,MIAMI-DADE,7,329,Maths
13,2018,14,DESOTO,7,321,Maths
14,2018,15,DIXIE,7,326,Maths
15,2018,16,DUVAL,7,328,Maths
16,2018,17,ESCAMBIA,7,325,Maths
17,2018,18,FLAGLER,7,330,Maths
18,2018,19,FRANKLIN,7,327,Maths
19,2018,20,GADSDEN,7,321,Maths
20,2018,21,GILCHRIST,7,337,Maths
21,2018,22,GLADES,7,326,Maths
22,2018,23,GULF,7,324,Maths
23,2018,24,HAMILTON,7,308,Maths
24,2018,25,HARDEE,7,324,Maths
25,2018,26,HENDRY,7,319,Maths
26,2018,27,HERNANDO,7,335,Maths
27,2018,28,HIGHLANDS,7,327,Maths
28,2018,29,HILLSBOROUGH,7,335,Maths
29,2018,30,HOLMES,7,326,Maths
30,2018,31,INDIAN RIVER,7,329,Maths
31,2018,32,JACKSON,7,328,Maths
32,2018,33,JEFFERSON,7,320,Maths
33,2018,34,LAFAYETTE,7,345,Maths
34,2018,35,LAKE,7,333,Maths
35,2018,36,LEE,7,336,Maths
36,2018,37,LEON,7,331,Maths
37,2018,38,LEVY,7,331,Maths
38,2018,39,LIBERTY,7,335,Maths
39,2018,40,MADISON,7,328,Maths
40,2018,41,MANATEE,7,330,Maths
41,2018,42,MARION,7,327,Maths
42,2018,43,MARTIN,7,336,Maths
43,2018,44,MONROE,7,333,Maths
44,2018,45,NASSAU,7,340,Maths
45,2018,46,OKALOOSA,7,341,Maths
46,2018,47,OKEECHOBEE,7,325,Maths
47,2018,48,ORANGE,7,329,Maths
48,2018,49,OSCEOLA,7,317,Maths
49,2018,50,PALM BEACH,7,321,Maths
50,2018,51,PASCO,7,324,Maths
51,2018,52,PINELLAS,7,332,Maths
52,2018,53,POLK,7,322,Maths
53,2018,54,PUTNAM,7,317,Maths
54,2018,55,ST. JOHNS,7,346,Maths
55,2018,56,ST. LUCIE,7,327,Maths
56,2018,57,SANTA ROSA,7,331,Maths
57,2018,58,SARASOTA,7,342,Maths
58,2018,59,SEMINOLE,7,334,Maths
59,2018,60,SUMTER,7,332,Maths
60,2018,61,SUWANNEE,7,325,Maths
61,2018,62,TAYLOR,7,326,Maths
62,2018,63,UNION,7,342,Maths
63,2018,64,VOLUSIA,7,324,Maths
64,2018,65,WAKULLA,7,332,Maths
65,2018,66,WALTON,7,332,Maths
66,2018,67,WASHINGTON,7,331,Maths
67,2018,68,DEAF/BLIND,7,315,Maths
68,2018,71,FL VIRTUAL,7,336,Maths
69,2018,72,FAU LAB SCH,7,349,Maths
70,2018,73,FSU LAB SCH,7,344,Maths
71,2018,74,FAMU LAB SCH,7,320,Maths
72,2018,75,UF LAB SCH,7,348,Maths
0,2019,1,ALACHUA,3,300,Maths
1,2019,2,BAKER,3,312,Maths
2,2019,3,BAY,3,302,Maths
3,2019,4,BRADFORD,3,301,Maths
4,2019,5,BREVARD,3,301,Maths
5,2019,6,BROWARD,3,303,Maths
6,2019,7,CALHOUN,3,303,Maths
7,2019,8,CHARLOTTE,3,306,Maths
8,2019,9,CITRUS,3,299,Maths
9,2019,10,CLAY,3,306,Maths
10,2019,11,COLLIER,3,305,Maths
11,2019,12,COLUMBIA,3,305,Maths
12,2019,13,MIAMI-DADE,3,304,Maths
13,2019,14,DESOTO,3,290,Maths
14,2019,15,DIXIE,3,302,Maths
15,2019,16,DUVAL,3,301,Maths
16,2019,17,ESCAMBIA,3,298,Maths
17,2019,18,FLAGLER,3,307,Maths
18,2019,19,FRANKLIN,3,298,Maths
19,2019,20,GADSDEN,3,299,Maths
20,2019,21,GILCHRIST,3,310,Maths
21,2019,22,GLADES,3,304,Maths
22,2019,23,GULF,3,298,Maths
23,2019,24,HAMILTON,3,298,Maths
24,2019,25,HARDEE,3,306,Maths
25,2019,26,HENDRY,3,296,Maths
26,2019,27,HERNANDO,3,301,Maths
27,2019,28,HIGHLANDS,3,298,Maths
28,2019,29,HILLSBOROUGH,3,298,Maths
29,2019,30,HOLMES,3,295,Maths
30,2019,31,INDIAN RIVER,3,303,Maths
31,2019,32,JACKSON,3,305,Maths
32,2019,33,JEFFERSON,3,297,Maths
33,2019,34,LAFAYETTE,3,312,Maths
34,2019,35,LAKE,3,301,Maths
35,2019,36,LEE,3,301,Maths
36,2019,37,LEON,3,303,Maths
37,2019,38,LEVY,3,298,Maths
38,2019,39,LIBERTY,3,303,Maths
39,2019,40,MADISON,3,293,Maths
40,2019,41,MANATEE,3,300,Maths
41,2019,42,MARION,3,294,Maths
42,2019,43,MARTIN,3,300,Maths
43,2019,44,MONROE,3,301,Maths
44,2019,45,NASSAU,3,311,Maths
45,2019,46,OKALOOSA,3,307,Maths
46,2019,47,OKEECHOBEE,3,302,Maths
47,2019,48,ORANGE,3,301,Maths
48,2019,49,OSCEOLA,3,298,Maths
49,2019,50,PALM BEACH,3,304,Maths
50,2019,51,PASCO,3,299,Maths
51,2019,52,PINELLAS,3,301,Maths
52,2019,53,POLK,3,298,Maths
53,2019,54,PUTNAM,3,294,Maths
54,2019,55,ST. JOHNS,3,313,Maths
55,2019,56,ST. LUCIE,3,297,Maths
56,2019,57,SANTA ROSA,3,306,Maths
57,2019,58,SARASOTA,3,308,Maths
58,2019,59,SEMINOLE,3,306,Maths
59,2019,60,SUMTER,3,304,Maths
60,2019,61,SUWANNEE,3,300,Maths
61,2019,62,TAYLOR,3,306,Maths
62,2019,63,UNION,3,306,Maths
63,2019,64,VOLUSIA,3,300,Maths
64,2019,65,WAKULLA,3,302,Maths
65,2019,66,WALTON,3,303,Maths
66,2019,67,WASHINGTON,3,298,Maths
67,2019,68,DEAF/BLIND,3,278,Maths
68,2019,71,FL VIRTUAL,3,288,Maths
69,2019,72,FAU LAB SCH,3,311,Maths
70,2019,73,FSU LAB SCH,3,315,Maths
71,2019,74,FAMU LAB SCH,3,295,Maths
72,2019,75,UF LAB SCH,3,302,Maths
0,2019,1,ALACHUA,4,315,Maths
1,2019,2,BAKER,4,312,Maths
2,2019,3,BAY,4,314,Maths
3,2019,4,BRADFORD,4,309,Maths
4,2019,5,BREVARD,4,316,Maths
5,2019,6,BROWARD,4,318,Maths
6,2019,7,CALHOUN,4,321,Maths
7,2019,8,CHARLOTTE,4,315,Maths
8,2019,9,CITRUS,4,313,Maths
9,2019,10,CLAY,4,320,Maths
10,2019,11,COLLIER,4,318,Maths
11,2019,12,COLUMBIA,4,316,Maths
12,2019,13,MIAMI-DADE,4,319,Maths
13,2019,14,DESOTO,4,309,Maths
14,2019,15,DIXIE,4,320,Maths
15,2019,16,DUVAL,4,316,Maths
16,2019,17,ESCAMBIA,4,313,Maths
17,2019,18,FLAGLER,4,315,Maths
18,2019,19,FRANKLIN,4,302,Maths
19,2019,20,GADSDEN,4,308,Maths
20,2019,21,GILCHRIST,4,320,Maths
21,2019,22,GLADES,4,308,Maths
22,2019,23,GULF,4,309,Maths
23,2019,24,HAMILTON,4,305,Maths
24,2019,25,HARDEE,4,320,Maths
25,2019,26,HENDRY,4,313,Maths
26,2019,27,HERNANDO,4,315,Maths
27,2019,28,HIGHLANDS,4,314,Maths
28,2019,29,HILLSBOROUGH,4,312,Maths
29,2019,30,HOLMES,4,313,Maths
30,2019,31,INDIAN RIVER,4,317,Maths
31,2019,32,JACKSON,4,319,Maths
32,2019,33,JEFFERSON,4,305,Maths
33,2019,34,LAFAYETTE,4,325,Maths
34,2019,35,LAKE,4,315,Maths
35,2019,36,LEE,4,315,Maths
36,2019,37,LEON,4,317,Maths
37,2019,38,LEVY,4,312,Maths
38,2019,39,LIBERTY,4,310,Maths
39,2019,40,MADISON,4,308,Maths
40,2019,41,MANATEE,4,317,Maths
41,2019,42,MARION,4,311,Maths
42,2019,43,MARTIN,4,316,Maths
43,2019,44,MONROE,4,314,Maths
44,2019,45,NASSAU,4,323,Maths
45,2019,46,OKALOOSA,4,322,Maths
46,2019,47,OKEECHOBEE,4,314,Maths
47,2019,48,ORANGE,4,316,Maths
48,2019,49,OSCEOLA,4,310,Maths
49,2019,50,PALM BEACH,4,317,Maths
50,2019,51,PASCO,4,315,Maths
51,2019,52,PINELLAS,4,317,Maths
52,2019,53,POLK,4,311,Maths
53,2019,54,PUTNAM,4,310,Maths
54,2019,55,ST. JOHNS,4,328,Maths
55,2019,56,ST. LUCIE,4,310,Maths
56,2019,57,SANTA ROSA,4,320,Maths
57,2019,58,SARASOTA,4,321,Maths
58,2019,59,SEMINOLE,4,321,Maths
59,2019,60,SUMTER,4,321,Maths
60,2019,61,SUWANNEE,4,309,Maths
61,2019,62,TAYLOR,4,317,Maths
62,2019,63,UNION,4,331,Maths
63,2019,64,VOLUSIA,4,313,Maths
64,2019,65,WAKULLA,4,319,Maths
65,2019,66,WALTON,4,317,Maths
66,2019,67,WASHINGTON,4,323,Maths
67,2019,68,DEAF/BLIND,4,278,Maths
68,2019,71,FL VIRTUAL,4,304,Maths
69,2019,72,FAU LAB SCH,4,324,Maths
70,2019,73,FSU LAB SCH,4,330,Maths
71,2019,74,FAMU LAB SCH,4,313,Maths
72,2019,75,UF LAB SCH,4,310,Maths
0,2019,1,ALACHUA,5,324,Maths
1,2019,2,BAKER,5,321,Maths
2,2019,3,BAY,5,322,Maths
3,2019,4,BRADFORD,5,316,Maths
4,2019,5,BREVARD,5,324,Maths
5,2019,6,BROWARD,5,327,Maths
6,2019,7,CALHOUN,5,321,Maths
7,2019,8,CHARLOTTE,5,322,Maths
8,2019,9,CITRUS,5,323,Maths
9,2019,10,CLAY,5,327,Maths
10,2019,11,COLLIER,5,328,Maths
11,2019,12,COLUMBIA,5,327,Maths
12,2019,13,MIAMI-DADE,5,327,Maths
13,2019,14,DESOTO,5,316,Maths
14,2019,15,DIXIE,5,325,Maths
15,2019,16,DUVAL,5,323,Maths
16,2019,17,ESCAMBIA,5,321,Maths
17,2019,18,FLAGLER,5,323,Maths
18,2019,19,FRANKLIN,5,315,Maths
19,2019,20,GADSDEN,5,315,Maths
20,2019,21,GILCHRIST,5,330,Maths
21,2019,22,GLADES,5,320,Maths
22,2019,23,GULF,5,311,Maths
23,2019,24,HAMILTON,5,316,Maths
24,2019,25,HARDEE,5,326,Maths
25,2019,26,HENDRY,5,319,Maths
26,2019,27,HERNANDO,5,321,Maths
27,2019,28,HIGHLANDS,5,318,Maths
28,2019,29,HILLSBOROUGH,5,321,Maths
29,2019,30,HOLMES,5,319,Maths
30,2019,31,INDIAN RIVER,5,323,Maths
31,2019,32,JACKSON,5,324,Maths
32,2019,33,JEFFERSON,5,308,Maths
33,2019,34,LAFAYETTE,5,338,Maths
34,2019,35,LAKE,5,323,Maths
35,2019,36,LEE,5,323,Maths
36,2019,37,LEON,5,325,Maths
37,2019,38,LEVY,5,321,Maths
38,2019,39,LIBERTY,5,314,Maths
39,2019,40,MADISON,5,315,Maths
40,2019,41,MANATEE,5,324,Maths
41,2019,42,MARION,5,315,Maths
42,2019,43,MARTIN,5,326,Maths
43,2019,44,MONROE,5,327,Maths
44,2019,45,NASSAU,5,338,Maths
45,2019,46,OKALOOSA,5,331,Maths
46,2019,47,OKEECHOBEE,5,320,Maths
47,2019,48,ORANGE,5,323,Maths
48,2019,49,OSCEOLA,5,318,Maths
49,2019,50,PALM BEACH,5,327,Maths
50,2019,51,PASCO,5,322,Maths
51,2019,52,PINELLAS,5,324,Maths
52,2019,53,POLK,5,319,Maths
53,2019,54,PUTNAM,5,316,Maths
54,2019,55,ST. JOHNS,5,336,Maths
55,2019,56,ST. LUCIE,5,317,Maths
56,2019,57,SANTA ROSA,5,331,Maths
57,2019,58,SARASOTA,5,332,Maths
58,2019,59,SEMINOLE,5,328,Maths
59,2019,60,SUMTER,5,331,Maths
60,2019,61,SUWANNEE,5,314,Maths
61,2019,62,TAYLOR,5,324,Maths
62,2019,63,UNION,5,332,Maths
63,2019,64,VOLUSIA,5,321,Maths
64,2019,65,WAKULLA,5,324,Maths
65,2019,66,WALTON,5,323,Maths
66,2019,67,WASHINGTON,5,324,Maths
67,2019,68,DEAF/BLIND,5,281,Maths
68,2019,71,FL VIRTUAL,5,312,Maths
69,2019,72,FAU LAB SCH,5,330,Maths
70,2019,73,FSU LAB SCH,5,340,Maths
71,2019,74,FAMU LAB SCH,5,316,Maths
72,2019,75,UF LAB SCH,5,320,Maths
0,2019,1,ALACHUA,6,323,Maths
1,2019,2,BAKER,6,328,Maths
2,2019,3,BAY,6,324,Maths
3,2019,4,BRADFORD,6,324,Maths
4,2019,5,BREVARD,6,333,Maths
5,2019,6,BROWARD,6,327,Maths
6,2019,7,CALHOUN,6,330,Maths
7,2019,8,CHARLOTTE,6,324,Maths
8,2019,9,CITRUS,6,324,Maths
9,2019,10,CLAY,6,335,Maths
10,2019,11,COLLIER,6,330,Maths
11,2019,12,COLUMBIA,6,333,Maths
12,2019,13,MIAMI-DADE,6,327,Maths
13,2019,14,DESOTO,6,313,Maths
14,2019,15,DIXIE,6,320,Maths
15,2019,16,DUVAL,6,323,Maths
16,2019,17,ESCAMBIA,6,315,Maths
17,2019,18,FLAGLER,6,332,Maths
18,2019,19,FRANKLIN,6,318,Maths
19,2019,20,GADSDEN,6,322,Maths
20,2019,21,GILCHRIST,6,327,Maths
21,2019,22,GLADES,6,322,Maths
22,2019,23,GULF,6,324,Maths
23,2019,24,HAMILTON,6,316,Maths
24,2019,25,HARDEE,6,320,Maths
25,2019,26,HENDRY,6,319,Maths
26,2019,27,HERNANDO,6,324,Maths
27,2019,28,HIGHLANDS,6,320,Maths
28,2019,29,HILLSBOROUGH,6,322,Maths
29,2019,30,HOLMES,6,323,Maths
30,2019,31,INDIAN RIVER,6,325,Maths
31,2019,32,JACKSON,6,325,Maths
32,2019,33,JEFFERSON,6,314,Maths
33,2019,34,LAFAYETTE,6,331,Maths
34,2019,35,LAKE,6,324,Maths
35,2019,36,LEE,6,320,Maths
36,2019,37,LEON,6,325,Maths
37,2019,38,LEVY,6,320,Maths
38,2019,39,LIBERTY,6,325,Maths
39,2019,40,MADISON,6,321,Maths
40,2019,41,MANATEE,6,326,Maths
41,2019,42,MARION,6,320,Maths
42,2019,43,MARTIN,6,328,Maths
43,2019,44,MONROE,6,325,Maths
44,2019,45,NASSAU,6,333,Maths
45,2019,46,OKALOOSA,6,329,Maths
46,2019,47,OKEECHOBEE,6,326,Maths
47,2019,48,ORANGE,6,318,Maths
48,2019,49,OSCEOLA,6,320,Maths
49,2019,50,PALM BEACH,6,328,Maths
50,2019,51,PASCO,6,327,Maths
51,2019,52,PINELLAS,6,319,Maths
52,2019,53,POLK,6,321,Maths
53,2019,54,PUTNAM,6,320,Maths
54,2019,55,ST. JOHNS,6,336,Maths
55,2019,56,ST. LUCIE,6,321,Maths
56,2019,57,SANTA ROSA,6,330,Maths
57,2019,58,SARASOTA,6,333,Maths
58,2019,59,SEMINOLE,6,332,Maths
59,2019,60,SUMTER,6,332,Maths
60,2019,61,SUWANNEE,6,319,Maths
61,2019,62,TAYLOR,6,321,Maths
62,2019,63,UNION,6,333,Maths
63,2019,64,VOLUSIA,6,321,Maths
64,2019,65,WAKULLA,6,330,Maths
65,2019,66,WALTON,6,328,Maths
66,2019,67,WASHINGTON,6,327,Maths
67,2019,68,DEAF/BLIND,6,293,Maths
68,2019,71,FL VIRTUAL,6,324,Maths
69,2019,72,FAU LAB SCH,6,345,Maths
70,2019,73,FSU LAB SCH,6,342,Maths
71,2019,74,FAMU LAB SCH,6,319,Maths
72,2019,75,UF LAB SCH,6,323,Maths
0,2019,1,ALACHUA,7,335,Maths
1,2019,2,BAKER,7,330,Maths
2,2019,3,BAY,7,332,Maths
3,2019,4,BRADFORD,7,330,Maths
4,2019,5,BREVARD,7,334,Maths
5,2019,6,BROWARD,7,329,Maths
6,2019,7,CALHOUN,7,336,Maths
7,2019,8,CHARLOTTE,7,336,Maths
8,2019,9,CITRUS,7,333,Maths
9,2019,10,CLAY,7,334,Maths
10,2019,11,COLLIER,7,338,Maths
11,2019,12,COLUMBIA,7,335,Maths
12,2019,13,MIAMI-DADE,7,329,Maths
13,2019,14,DESOTO,7,320,Maths
14,2019,15,DIXIE,7,325,Maths
15,2019,16,DUVAL,7,326,Maths
16,2019,17,ESCAMBIA,7,327,Maths
17,2019,18,FLAGLER,7,333,Maths
18,2019,19,FRANKLIN,7,326,Maths
19,2019,20,GADSDEN,7,328,Maths
20,2019,21,GILCHRIST,7,340,Maths
21,2019,22,GLADES,7,329,Maths
22,2019,23,GULF,7,309,Maths
23,2019,24,HAMILTON,7,310,Maths
24,2019,25,HARDEE,7,334,Maths
25,2019,26,HENDRY,7,324,Maths
26,2019,27,HERNANDO,7,335,Maths
27,2019,28,HIGHLANDS,7,327,Maths
28,2019,29,HILLSBOROUGH,7,335,Maths
29,2019,30,HOLMES,7,334,Maths
30,2019,31,INDIAN RIVER,7,329,Maths
31,2019,32,JACKSON,7,331,Maths
32,2019,33,JEFFERSON,7,322,Maths
33,2019,34,LAFAYETTE,7,332,Maths
34,2019,35,LAKE,7,332,Maths
35,2019,36,LEE,7,331,Maths
36,2019,37,LEON,7,334,Maths
37,2019,38,LEVY,7,330,Maths
38,2019,39,LIBERTY,7,336,Maths
39,2019,40,MADISON,7,327,Maths
40,2019,41,MANATEE,7,332,Maths
41,2019,42,MARION,7,327,Maths
42,2019,43,MARTIN,7,333,Maths
43,2019,44,MONROE,7,335,Maths
44,2019,45,NASSAU,7,342,Maths
45,2019,46,OKALOOSA,7,341,Maths
46,2019,47,OKEECHOBEE,7,329,Maths
47,2019,48,ORANGE,7,327,Maths
48,2019,49,OSCEOLA,7,318,Maths
49,2019,50,PALM BEACH,7,319,Maths
50,2019,51,PASCO,7,323,Maths
51,2019,52,PINELLAS,7,334,Maths
52,2019,53,POLK,7,321,Maths
53,2019,54,PUTNAM,7,320,Maths
54,2019,55,ST. JOHNS,7,346,Maths
55,2019,56,ST. LUCIE,7,328,Maths
56,2019,57,SANTA ROSA,7,329,Maths
57,2019,58,SARASOTA,7,342,Maths
58,2019,59,SEMINOLE,7,335,Maths
59,2019,60,SUMTER,7,333,Maths
60,2019,61,SUWANNEE,7,328,Maths
61,2019,62,TAYLOR,7,331,Maths
62,2019,63,UNION,7,339,Maths
63,2019,64,VOLUSIA,7,325,Maths
64,2019,65,WAKULLA,7,332,Maths
65,2019,66,WALTON,7,335,Maths
66,2019,67,WASHINGTON,7,332,Maths
67,2019,68,DEAF/BLIND,7,318,Maths
68,2019,71,FL VIRTUAL,7,338,Maths
69,2019,72,FAU LAB SCH,7,346,Maths
70,2019,73,FSU LAB SCH,7,347,Maths
71,2019,74,FAMU LAB SCH,7,318,Maths
72,2019,75,UF LAB SCH,7,351,Maths
0,2021,1,ALACHUA,3,295,Maths
1,2021,2,BAKER,3,305,Maths
2,2021,3,BAY,3,296,Maths
3,2021,4,BRADFORD,3,292,Maths
4,2021,5,BREVARD,3,298,Maths
5,2021,6,BROWARD,3,291,Maths
6,2021,7,CALHOUN,3,299,Maths
7,2021,8,CHARLOTTE,3,304,Maths
8,2021,9,CITRUS,3,297,Maths
9,2021,10,CLAY,3,302,Maths
10,2021,11,COLLIER,3,301,Maths
11,2021,12,COLUMBIA,3,302,Maths
12,2021,13,MIAMI-DADE,3,295,Maths
13,2021,14,DESOTO,3,286,Maths
14,2021,15,DIXIE,3,306,Maths
15,2021,16,DUVAL,3,295,Maths
16,2021,17,ESCAMBIA,3,295,Maths
17,2021,18,FLAGLER,3,299,Maths
18,2021,19,FRANKLIN,3,289,Maths
19,2021,20,GADSDEN,3,288,Maths
20,2021,21,GILCHRIST,3,301,Maths
21,2021,22,GLADES,3,286,Maths
22,2021,23,GULF,3,298,Maths
23,2021,24,HAMILTON,3,294,Maths
24,2021,25,HARDEE,3,303,Maths
25,2021,26,HENDRY,3,285,Maths
26,2021,27,HERNANDO,3,298,Maths
27,2021,28,HIGHLANDS,3,296,Maths
28,2021,29,HILLSBOROUGH,3,295,Maths
29,2021,30,HOLMES,3,295,Maths
30,2021,31,INDIAN RIVER,3,300,Maths
31,2021,32,JACKSON,3,300,Maths
32,2021,33,JEFFERSON,3,288,Maths
33,2021,34,LAFAYETTE,3,307,Maths
34,2021,35,LAKE,3,297,Maths
35,2021,36,LEE,3,297,Maths
36,2021,37,LEON,3,296,Maths
37,2021,38,LEVY,3,300,Maths
38,2021,39,LIBERTY,3,302,Maths
39,2021,40,MADISON,3,293,Maths
40,2021,41,MANATEE,3,299,Maths
41,2021,42,MARION,3,293,Maths
42,2021,43,MARTIN,3,294,Maths
43,2021,44,MONROE,3,297,Maths
44,2021,45,NASSAU,3,310,Maths
45,2021,46,OKALOOSA,3,301,Maths
46,2021,47,OKEECHOBEE,3,296,Maths
47,2021,48,ORANGE,3,296,Maths
48,2021,49,OSCEOLA,3,291,Maths
49,2021,50,PALM BEACH,3,295,Maths
50,2021,51,PASCO,3,294,Maths
51,2021,52,PINELLAS,3,298,Maths
52,2021,53,POLK,3,292,Maths
53,2021,54,PUTNAM,3,288,Maths
54,2021,55,ST. JOHNS,3,310,Maths
55,2021,56,ST. LUCIE,3,292,Maths
56,2021,57,SANTA ROSA,3,304,Maths
57,2021,58,SARASOTA,3,304,Maths
58,2021,59,SEMINOLE,3,301,Maths
59,2021,60,SUMTER,3,305,Maths
60,2021,61,SUWANNEE,3,296,Maths
61,2021,62,TAYLOR,3,295,Maths
62,2021,63,UNION,3,303,Maths
63,2021,64,VOLUSIA,3,295,Maths
64,2021,65,WAKULLA,3,299,Maths
65,2021,66,WALTON,3,303,Maths
66,2021,67,WASHINGTON,3,297,Maths
68,2021,71,FL VIRTUAL,3,296,Maths
69,2021,72,FAU LAB SCH,3,307,Maths
70,2021,73,FSU LAB SCH,3,307,Maths
71,2021,74,FAMU LAB SCH,3,270,Maths
72,2021,75,UF LAB SCH,3,291,Maths
0,2021,1,ALACHUA,4,308,Maths
1,2021,2,BAKER,4,312,Maths
2,2021,3,BAY,4,310,Maths
3,2021,4,BRADFORD,4,303,Maths
4,2021,5,BREVARD,4,312,Maths
5,2021,6,BROWARD,4,306,Maths
6,2021,7,CALHOUN,4,308,Maths
7,2021,8,CHARLOTTE,4,314,Maths
8,2021,9,CITRUS,4,311,Maths
9,2021,10,CLAY,4,315,Maths
10,2021,11,COLLIER,4,315,Maths
11,2021,12,COLUMBIA,4,315,Maths
12,2021,13,MIAMI-DADE,4,308,Maths
13,2021,14,DESOTO,4,301,Maths
14,2021,15,DIXIE,4,315,Maths
15,2021,16,DUVAL,4,309,Maths
16,2021,17,ESCAMBIA,4,306,Maths
17,2021,18,FLAGLER,4,312,Maths
18,2021,19,FRANKLIN,4,304,Maths
19,2021,20,GADSDEN,4,298,Maths
20,2021,21,GILCHRIST,4,318,Maths
21,2021,22,GLADES,4,304,Maths
22,2021,23,GULF,4,305,Maths
23,2021,24,HAMILTON,4,295,Maths
24,2021,25,HARDEE,4,316,Maths
25,2021,26,HENDRY,4,300,Maths
26,2021,27,HERNANDO,4,309,Maths
27,2021,28,HIGHLANDS,4,310,Maths
28,2021,29,HILLSBOROUGH,4,308,Maths
29,2021,30,HOLMES,4,309,Maths
30,2021,31,INDIAN RIVER,4,310,Maths
31,2021,32,JACKSON,4,316,Maths
32,2021,33,JEFFERSON,4,296,Maths
33,2021,34,LAFAYETTE,4,324,Maths
34,2021,35,LAKE,4,309,Maths
35,2021,36,LEE,4,311,Maths
36,2021,37,LEON,4,308,Maths
37,2021,38,LEVY,4,307,Maths
38,2021,39,LIBERTY,4,297,Maths
39,2021,40,MADISON,4,300,Maths
40,2021,41,MANATEE,4,316,Maths
41,2021,42,MARION,4,306,Maths
42,2021,43,MARTIN,4,308,Maths
43,2021,44,MONROE,4,309,Maths
44,2021,45,NASSAU,4,326,Maths
45,2021,46,OKALOOSA,4,315,Maths
46,2021,47,OKEECHOBEE,4,306,Maths
47,2021,48,ORANGE,4,309,Maths
48,2021,49,OSCEOLA,4,303,Maths
49,2021,50,PALM BEACH,4,304,Maths
50,2021,51,PASCO,4,308,Maths
51,2021,52,PINELLAS,4,315,Maths
52,2021,53,POLK,4,304,Maths
53,2021,54,PUTNAM,4,302,Maths
54,2021,55,ST. JOHNS,4,325,Maths
55,2021,56,ST. LUCIE,4,303,Maths
56,2021,57,SANTA ROSA,4,318,Maths
57,2021,58,SARASOTA,4,317,Maths
58,2021,59,SEMINOLE,4,317,Maths
59,2021,60,SUMTER,4,319,Maths
60,2021,61,SUWANNEE,4,305,Maths
61,2021,62,TAYLOR,4,304,Maths
62,2021,63,UNION,4,319,Maths
63,2021,64,VOLUSIA,4,309,Maths
64,2021,65,WAKULLA,4,317,Maths
65,2021,66,WALTON,4,315,Maths
66,2021,67,WASHINGTON,4,313,Maths
67,2021,68,DEAF/BLIND,4,291,Maths
68,2021,71,FL VIRTUAL,4,312,Maths
69,2021,72,FAU LAB SCH,4,326,Maths
70,2021,73,FSU LAB SCH,4,319,Maths
71,2021,74,FAMU LAB SCH,4,299,Maths
72,2021,75,UF LAB SCH,4,305,Maths
0,2021,1,ALACHUA,5,319,Maths
1,2021,2,BAKER,5,328,Maths
2,2021,3,BAY,5,319,Maths
3,2021,4,BRADFORD,5,316,Maths
4,2021,5,BREVARD,5,320,Maths
5,2021,6,BROWARD,5,315,Maths
6,2021,7,CALHOUN,5,317,Maths
7,2021,8,CHARLOTTE,5,324,Maths
8,2021,9,CITRUS,5,318,Maths
9,2021,10,CLAY,5,323,Maths
10,2021,11,COLLIER,5,328,Maths
11,2021,12,COLUMBIA,5,320,Maths
12,2021,13,MIAMI-DADE,5,316,Maths
13,2021,14,DESOTO,5,312,Maths
14,2021,15,DIXIE,5,322,Maths
15,2021,16,DUVAL,5,318,Maths
16,2021,17,ESCAMBIA,5,315,Maths
17,2021,18,FLAGLER,5,320,Maths
18,2021,19,FRANKLIN,5,311,Maths
19,2021,20,GADSDEN,5,304,Maths
20,2021,21,GILCHRIST,5,326,Maths
21,2021,22,GLADES,5,311,Maths
22,2021,23,GULF,5,317,Maths
23,2021,24,HAMILTON,5,313,Maths
24,2021,25,HARDEE,5,321,Maths
25,2021,26,HENDRY,5,309,Maths
26,2021,27,HERNANDO,5,317,Maths
27,2021,28,HIGHLANDS,5,317,Maths
28,2021,29,HILLSBOROUGH,5,318,Maths
29,2021,30,HOLMES,5,317,Maths
30,2021,31,INDIAN RIVER,5,320,Maths
31,2021,32,JACKSON,5,313,Maths
32,2021,33,JEFFERSON,5,292,Maths
33,2021,34,LAFAYETTE,5,336,Maths
34,2021,35,LAKE,5,319,Maths
35,2021,36,LEE,5,319,Maths
36,2021,37,LEON,5,317,Maths
37,2021,38,LEVY,5,313,Maths
38,2021,39,LIBERTY,5,320,Maths
39,2021,40,MADISON,5,312,Maths
40,2021,41,MANATEE,5,325,Maths
41,2021,42,MARION,5,317,Maths
42,2021,43,MARTIN,5,318,Maths
43,2021,44,MONROE,5,318,Maths
44,2021,45,NASSAU,5,340,Maths
45,2021,46,OKALOOSA,5,323,Maths
46,2021,47,OKEECHOBEE,5,313,Maths
47,2021,48,ORANGE,5,319,Maths
48,2021,49,OSCEOLA,5,312,Maths
49,2021,50,PALM BEACH,5,318,Maths
50,2021,51,PASCO,5,316,Maths
51,2021,52,PINELLAS,5,323,Maths
52,2021,53,POLK,5,314,Maths
53,2021,54,PUTNAM,5,308,Maths
54,2021,55,ST. JOHNS,5,335,Maths
55,2021,56,ST. LUCIE,5,313,Maths
56,2021,57,SANTA ROSA,5,327,Maths
57,2021,58,SARASOTA,5,327,Maths
58,2021,59,SEMINOLE,5,324,Maths
59,2021,60,SUMTER,5,325,Maths
60,2021,61,SUWANNEE,5,312,Maths
61,2021,62,TAYLOR,5,316,Maths
62,2021,63,UNION,5,321,Maths
63,2021,64,VOLUSIA,5,318,Maths
64,2021,65,WAKULLA,5,321,Maths
65,2021,66,WALTON,5,330,Maths
66,2021,67,WASHINGTON,5,321,Maths
67,2021,68,DEAF/BLIND,5,298,Maths
68,2021,71,FL VIRTUAL,5,321,Maths
69,2021,72,FAU LAB SCH,5,328,Maths
70,2021,73,FSU LAB SCH,5,329,Maths
71,2021,74,FAMU LAB SCH,5,307,Maths
72,2021,75,UF LAB SCH,5,316,Maths
0,2021,1,ALACHUA,6,316,Maths
1,2021,2,BAKER,6,325,Maths
2,2021,3,BAY,6,320,Maths
3,2021,4,BRADFORD,6,318,Maths
4,2021,5,BREVARD,6,329,Maths
5,2021,6,BROWARD,6,317,Maths
6,2021,7,CALHOUN,6,325,Maths
7,2021,8,CHARLOTTE,6,320,Maths
8,2021,9,CITRUS,6,318,Maths
9,2021,10,CLAY,6,333,Maths
10,2021,11,COLLIER,6,326,Maths
11,2021,12,COLUMBIA,6,324,Maths
12,2021,13,MIAMI-DADE,6,318,Maths
13,2021,14,DESOTO,6,307,Maths
14,2021,15,DIXIE,6,320,Maths
15,2021,16,DUVAL,6,316,Maths
16,2021,17,ESCAMBIA,6,311,Maths
17,2021,18,FLAGLER,6,328,Maths
18,2021,19,FRANKLIN,6,307,Maths
19,2021,20,GADSDEN,6,310,Maths
20,2021,21,GILCHRIST,6,328,Maths
21,2021,22,GLADES,6,311,Maths
22,2021,23,GULF,6,320,Maths
23,2021,24,HAMILTON,6,318,Maths
24,2021,25,HARDEE,6,318,Maths
25,2021,26,HENDRY,6,314,Maths
26,2021,27,HERNANDO,6,317,Maths
27,2021,28,HIGHLANDS,6,317,Maths
28,2021,29,HILLSBOROUGH,6,317,Maths
29,2021,30,HOLMES,6,320,Maths
30,2021,31,INDIAN RIVER,6,322,Maths
31,2021,32,JACKSON,6,318,Maths
32,2021,33,JEFFERSON,6,301,Maths
33,2021,34,LAFAYETTE,6,332,Maths
34,2021,35,LAKE,6,320,Maths
35,2021,36,LEE,6,311,Maths
36,2021,37,LEON,6,319,Maths
37,2021,38,LEVY,6,324,Maths
38,2021,39,LIBERTY,6,325,Maths
39,2021,40,MADISON,6,313,Maths
40,2021,41,MANATEE,6,323,Maths
41,2021,42,MARION,6,314,Maths
42,2021,43,MARTIN,6,323,Maths
43,2021,44,MONROE,6,320,Maths
44,2021,45,NASSAU,6,334,Maths
45,2021,46,OKALOOSA,6,322,Maths
46,2021,47,OKEECHOBEE,6,316,Maths
47,2021,48,ORANGE,6,316,Maths
48,2021,49,OSCEOLA,6,312,Maths
49,2021,50,PALM BEACH,6,319,Maths
50,2021,51,PASCO,6,320,Maths
51,2021,52,PINELLAS,6,317,Maths
52,2021,53,POLK,6,313,Maths
53,2021,54,PUTNAM,6,314,Maths
54,2021,55,ST. JOHNS,6,335,Maths
55,2021,56,ST. LUCIE,6,315,Maths
56,2021,57,SANTA ROSA,6,328,Maths
57,2021,58,SARASOTA,6,326,Maths
58,2021,59,SEMINOLE,6,326,Maths
59,2021,60,SUMTER,6,328,Maths
60,2021,61,SUWANNEE,6,321,Maths
61,2021,62,TAYLOR,6,321,Maths
62,2021,63,UNION,6,325,Maths
63,2021,64,VOLUSIA,6,316,Maths
64,2021,65,WAKULLA,6,325,Maths
65,2021,66,WALTON,6,326,Maths
66,2021,67,WASHINGTON,6,323,Maths
67,2021,68,DEAF/BLIND,6,296,Maths
68,2021,71,FL VIRTUAL,6,328,Maths
69,2021,72,FAU LAB SCH,6,340,Maths
70,2021,73,FSU LAB SCH,6,332,Maths
71,2021,74,FAMU LAB SCH,6,304,Maths
72,2021,75,UF LAB SCH,6,325,Maths
0,2021,1,ALACHUA,7,330,Maths
1,2021,2,BAKER,7,311,Maths
2,2021,3,BAY,7,329,Maths
3,2021,4,BRADFORD,7,325,Maths
4,2021,5,BREVARD,7,328,Maths
5,2021,6,BROWARD,7,322,Maths
6,2021,7,CALHOUN,7,332,Maths
7,2021,8,CHARLOTTE,7,331,Maths
8,2021,9,CITRUS,7,330,Maths
9,2021,10,CLAY,7,322,Maths
10,2021,11,COLLIER,7,335,Maths
11,2021,12,COLUMBIA,7,331,Maths
12,2021,13,MIAMI-DADE,7,324,Maths
13,2021,14,DESOTO,7,316,Maths
14,2021,15,DIXIE,7,324,Maths
15,2021,16,DUVAL,7,321,Maths
16,2021,17,ESCAMBIA,7,322,Maths
17,2021,18,FLAGLER,7,327,Maths
18,2021,19,FRANKLIN,7,324,Maths
19,2021,20,GADSDEN,7,317,Maths
20,2021,21,GILCHRIST,7,337,Maths
21,2021,22,GLADES,7,324,Maths
23,2021,24,HAMILTON,7,306,Maths
24,2021,25,HARDEE,7,324,Maths
25,2021,26,HENDRY,7,322,Maths
26,2021,27,HERNANDO,7,330,Maths
27,2021,28,HIGHLANDS,7,323,Maths
28,2021,29,HILLSBOROUGH,7,317,Maths
29,2021,30,HOLMES,7,332,Maths
30,2021,31,INDIAN RIVER,7,325,Maths
31,2021,32,JACKSON,7,327,Maths
32,2021,33,JEFFERSON,7,313,Maths
33,2021,34,LAFAYETTE,7,340,Maths
34,2021,35,LAKE,7,329,Maths
35,2021,36,LEE,7,325,Maths
36,2021,37,LEON,7,326,Maths
37,2021,38,LEVY,7,325,Maths
38,2021,39,LIBERTY,7,335,Maths
39,2021,40,MADISON,7,324,Maths
40,2021,41,MANATEE,7,328,Maths
41,2021,42,MARION,7,319,Maths
42,2021,43,MARTIN,7,329,Maths
43,2021,44,MONROE,7,329,Maths
44,2021,45,NASSAU,7,342,Maths
45,2021,46,OKALOOSA,7,335,Maths
46,2021,47,OKEECHOBEE,7,326,Maths
47,2021,48,ORANGE,7,325,Maths
48,2021,49,OSCEOLA,7,318,Maths
49,2021,50,PALM BEACH,7,312,Maths
50,2021,51,PASCO,7,319,Maths
51,2021,52,PINELLAS,7,328,Maths
52,2021,53,POLK,7,319,Maths
53,2021,54,PUTNAM,7,314,Maths
54,2021,55,ST. JOHNS,7,340,Maths
55,2021,56,ST. LUCIE,7,324,Maths
56,2021,57,SANTA ROSA,7,327,Maths
57,2021,58,SARASOTA,7,335,Maths
58,2021,59,SEMINOLE,7,330,Maths
59,2021,60,SUMTER,7,330,Maths
60,2021,61,SUWANNEE,7,321,Maths
61,2021,62,TAYLOR,7,328,Maths
62,2021,63,UNION,7,332,Maths
63,2021,64,VOLUSIA,7,319,Maths
64,2021,65,WAKULLA,7,327,Maths
65,2021,66,WALTON,7,329,Maths
66,2021,67,WASHINGTON,7,327,Maths
67,2021,68,DEAF/BLIND,7,311,Maths
68,2021,71,FL VIRTUAL,7,338,Maths
69,2021,72,FAU LAB SCH,7,341,Maths
70,2021,73,FSU LAB SCH,7,346,Maths
71,2021,74,FAMU LAB SCH,7,315,Maths
72,2021,75,UF LAB SCH,7,337,Maths
0,2017,0,STATE TOTALS,3,303,ELA
1,2017,1,ALACHUA,3,303,ELA
2,2017,2,BAKER,3,305,ELA
3,2017,3,BAY,3,303,ELA
4,2017,4,BRADFORD,3,298,ELA
5,2017,5,BREVARD,3,306,ELA
6,2017,6,BROWARD,3,302,ELA
7,2017,7,CALHOUN,3,306,ELA
8,2017,8,CHARLOTTE,3,306,ELA
9,2017,9,CITRUS,3,305,ELA
10,2017,10,CLAY,3,308,ELA
11,2017,11,COLLIER,3,303,ELA
12,2017,12,COLUMBIA,3,305,ELA
13,2017,13,DADE,3,302,ELA
14,2017,14,DESOTO,3,290,ELA
15,2017,15,DIXIE,3,306,ELA
16,2017,16,DUVAL,3,300,ELA
17,2017,17,ESCAMBIA,3,303,ELA
18,2017,18,FLAGLER,3,308,ELA
19,2017,19,FRANKLIN,3,300,ELA
20,2017,20,GADSDEN,3,292,ELA
21,2017,21,GILCHRIST,3,306,ELA
22,2017,22,GLADES,3,302,ELA
23,2017,23,GULF,3,301,ELA
24,2017,24,HAMILTON,3,293,ELA
25,2017,25,HARDEE,3,302,ELA
26,2017,26,HENDRY,3,297,ELA
27,2017,27,HERNANDO,3,304,ELA
28,2017,28,HIGHLANDS,3,299,ELA
29,2017,29,HILLSBOROUGH,3,302,ELA
30,2017,30,HOLMES,3,301,ELA
31,2017,31,INDIAN RIVER,3,302,ELA
32,2017,32,JACKSON,3,306,ELA
33,2017,33,JEFFERSON,3,293,ELA
34,2017,34,LAFAYETTE,3,303,ELA
35,2017,35,LAKE,3,305,ELA
36,2017,36,LEE,3,302,ELA
37,2017,37,LEON,3,306,ELA
38,2017,38,LEVY,3,301,ELA
39,2017,39,LIBERTY,3,302,ELA
40,2017,40,MADISON,3,302,ELA
41,2017,41,MANATEE,3,299,ELA
42,2017,42,MARION,3,299,ELA
43,2017,43,MARTIN,3,304,ELA
44,2017,44,MONROE,3,307,ELA
45,2017,45,NASSAU,3,312,ELA
46,2017,46,OKALOOSA,3,307,ELA
47,2017,47,OKEECHOBEE,3,299,ELA
48,2017,48,ORANGE,3,302,ELA
49,2017,49,OSCEOLA,3,300,ELA
50,2017,50,PALM BEACH,3,301,ELA
51,2017,51,PASCO,3,303,ELA
52,2017,52,PINELLAS,3,302,ELA
53,2017,53,POLK,3,300,ELA
54,2017,54,PUTNAM,3,295,ELA
55,2017,55,ST. JOHNS,3,314,ELA
56,2017,56,ST. LUCIE,3,298,ELA
57,2017,57,SANTA ROSA,3,310,ELA
58,2017,58,SARASOTA,3,309,ELA
59,2017,59,SEMINOLE,3,307,ELA
60,2017,60,SUMTER,3,309,ELA
61,2017,61,SUWANNEE,3,302,ELA
62,2017,62,TAYLOR,3,301,ELA
63,2017,63,UNION,3,307,ELA
64,2017,64,VOLUSIA,3,303,ELA
65,2017,65,WAKULLA,3,307,ELA
66,2017,66,WALTON,3,308,ELA
67,2017,67,WASHINGTON,3,305,ELA
68,2017,68,DEAF/BLIND,3,274,ELA
69,2017,71,FL VIRTUAL,3,306,ELA
70,2017,72,FAU LAB SCH,3,312,ELA
71,2017,73,FSU LAB SCH,3,315,ELA
72,2017,74,FAMU LAB SCH,3,295,ELA
73,2017,75,UF LAB SCH,3,314,ELA
0,2017,0,STATE TOTALS,4,312,ELA
1,2017,1,ALACHUA,4,314,ELA
2,2017,2,BAKER,4,310,ELA
3,2017,3,BAY,4,311,ELA
4,2017,4,BRADFORD,4,307,ELA
5,2017,5,BREVARD,4,313,ELA
6,2017,6,BROWARD,4,312,ELA
7,2017,7,CALHOUN,4,315,ELA
8,2017,8,CHARLOTTE,4,314,ELA
9,2017,9,CITRUS,4,313,ELA
10,2017,10,CLAY,4,314,ELA
11,2017,11,COLLIER,4,314,ELA
12,2017,12,COLUMBIA,4,313,ELA
13,2017,13,DADE,4,313,ELA
14,2017,14,DESOTO,4,304,ELA
15,2017,15,DIXIE,4,310,ELA
16,2017,16,DUVAL,4,311,ELA
17,2017,17,ESCAMBIA,4,309,ELA
18,2017,18,FLAGLER,4,314,ELA
19,2017,19,FRANKLIN,4,297,ELA
20,2017,20,GADSDEN,4,303,ELA
21,2017,21,GILCHRIST,4,314,ELA
22,2017,22,GLADES,4,306,ELA
23,2017,23,GULF,4,309,ELA
24,2017,24,HAMILTON,4,294,ELA
25,2017,25,HARDEE,4,313,ELA
26,2017,26,HENDRY,4,307,ELA
27,2017,27,HERNANDO,4,312,ELA
28,2017,28,HIGHLANDS,4,311,ELA
29,2017,29,HILLSBOROUGH,4,312,ELA
30,2017,30,HOLMES,4,310,ELA
31,2017,31,INDIAN RIVER,4,312,ELA
32,2017,32,JACKSON,4,315,ELA
33,2017,33,JEFFERSON,4,304,ELA
34,2017,34,LAFAYETTE,4,307,ELA
35,2017,35,LAKE,4,312,ELA
36,2017,36,LEE,4,311,ELA
37,2017,37,LEON,4,314,ELA
38,2017,38,LEVY,4,308,ELA
39,2017,39,LIBERTY,4,308,ELA
40,2017,40,MADISON,4,308,ELA
41,2017,41,MANATEE,4,310,ELA
42,2017,42,MARION,4,310,ELA
43,2017,43,MARTIN,4,314,ELA
44,2017,44,MONROE,4,314,ELA
45,2017,45,NASSAU,4,318,ELA
46,2017,46,OKALOOSA,4,317,ELA
47,2017,47,OKEECHOBEE,4,307,ELA
48,2017,48,ORANGE,4,312,ELA
49,2017,49,OSCEOLA,4,309,ELA
50,2017,50,PALM BEACH,4,313,ELA
51,2017,51,PASCO,4,314,ELA
52,2017,52,PINELLAS,4,311,ELA
53,2017,53,POLK,4,310,ELA
54,2017,54,PUTNAM,4,305,ELA
55,2017,55,ST. JOHNS,4,321,ELA
56,2017,56,ST. LUCIE,4,310,ELA
57,2017,57,SANTA ROSA,4,317,ELA
58,2017,58,SARASOTA,4,319,ELA
59,2017,59,SEMINOLE,4,317,ELA
60,2017,60,SUMTER,4,316,ELA
61,2017,61,SUWANNEE,4,307,ELA
62,2017,62,TAYLOR,4,307,ELA
63,2017,63,UNION,4,317,ELA
64,2017,64,VOLUSIA,4,311,ELA
65,2017,65,WAKULLA,4,314,ELA
66,2017,66,WALTON,4,314,ELA
67,2017,67,WASHINGTON,4,312,ELA
68,2017,68,DEAF/BLIND,4,287,ELA
69,2017,71,FL VIRTUAL,4,314,ELA
70,2017,72,FAU LAB SCH,4,317,ELA
71,2017,73,FSU LAB SCH,4,324,ELA
72,2017,74,FAMU LAB SCH,4,310,ELA
73,2017,75,UF LAB SCH,4,314,ELA
0,2017,0,STATE TOTALS,5,321,ELA
1,2017,1,ALACHUA,5,323,ELA
2,2017,2,BAKER,5,313,ELA
3,2017,3,BAY,5,320,ELA
4,2017,4,BRADFORD,5,315,ELA
5,2017,5,BREVARD,5,324,ELA
6,2017,6,BROWARD,5,321,ELA
7,2017,7,CALHOUN,5,318,ELA
8,2017,8,CHARLOTTE,5,321,ELA
9,2017,9,CITRUS,5,323,ELA
10,2017,10,CLAY,5,324,ELA
11,2017,11,COLLIER,5,323,ELA
12,2017,12,COLUMBIA,5,323,ELA
13,2017,13,DADE,5,321,ELA
14,2017,14,DESOTO,5,305,ELA
15,2017,15,DIXIE,5,314,ELA
16,2017,16,DUVAL,5,319,ELA
17,2017,17,ESCAMBIA,5,317,ELA
18,2017,18,FLAGLER,5,321,ELA
19,2017,19,FRANKLIN,5,311,ELA
20,2017,20,GADSDEN,5,309,ELA
21,2017,21,GILCHRIST,5,324,ELA
22,2017,22,GLADES,5,314,ELA
23,2017,23,GULF,5,317,ELA
24,2017,24,HAMILTON,5,307,ELA
25,2017,25,HARDEE,5,318,ELA
26,2017,26,HENDRY,5,312,ELA
27,2017,27,HERNANDO,5,322,ELA
28,2017,28,HIGHLANDS,5,318,ELA
29,2017,29,HILLSBOROUGH,5,320,ELA
30,2017,30,HOLMES,5,315,ELA
31,2017,31,INDIAN RIVER,5,320,ELA
32,2017,32,JACKSON,5,325,ELA
33,2017,33,JEFFERSON,5,311,ELA
34,2017,34,LAFAYETTE,5,313,ELA
35,2017,35,LAKE,5,320,ELA
36,2017,36,LEE,5,320,ELA
37,2017,37,LEON,5,326,ELA
38,2017,38,LEVY,5,315,ELA
39,2017,39,LIBERTY,5,319,ELA
40,2017,40,MADISON,5,308,ELA
41,2017,41,MANATEE,5,318,ELA
42,2017,42,MARION,5,318,ELA
43,2017,43,MARTIN,5,322,ELA
44,2017,44,MONROE,5,324,ELA
45,2017,45,NASSAU,5,330,ELA
46,2017,46,OKALOOSA,5,325,ELA
47,2017,47,OKEECHOBEE,5,316,ELA
48,2017,48,ORANGE,5,319,ELA
49,2017,49,OSCEOLA,5,317,ELA
50,2017,50,PALM BEACH,5,321,ELA
51,2017,51,PASCO,5,320,ELA
52,2017,52,PINELLAS,5,319,ELA
53,2017,53,POLK,5,316,ELA
54,2017,54,PUTNAM,5,313,ELA
55,2017,55,ST. JOHNS,5,333,ELA
56,2017,56,ST. LUCIE,5,317,ELA
57,2017,57,SANTA ROSA,5,326,ELA
58,2017,58,SARASOTA,5,328,ELA
59,2017,59,SEMINOLE,5,324,ELA
60,2017,60,SUMTER,5,326,ELA
61,2017,61,SUWANNEE,5,318,ELA
62,2017,62,TAYLOR,5,318,ELA
63,2017,63,UNION,5,316,ELA
64,2017,64,VOLUSIA,5,320,ELA
65,2017,65,WAKULLA,5,325,ELA
66,2017,66,WALTON,5,326,ELA
67,2017,67,WASHINGTON,5,323,ELA
68,2017,68,DEAF/BLIND,5,292,ELA
69,2017,71,FL VIRTUAL,5,324,ELA
70,2017,72,FAU LAB SCH,5,330,ELA
71,2017,73,FSU LAB SCH,5,337,ELA
72,2017,74,FAMU LAB SCH,5,318,ELA
73,2017,75,UF LAB SCH,5,329,ELA
0,2017,0,STATE TOTALS,6,325,ELA
1,2017,1,ALACHUA,6,327,ELA
2,2017,2,BAKER,6,323,ELA
3,2017,3,BAY,6,325,ELA
4,2017,4,BRADFORD,6,320,ELA
5,2017,5,BREVARD,6,331,ELA
6,2017,6,BROWARD,6,326,ELA
7,2017,7,CALHOUN,6,329,ELA
8,2017,8,CHARLOTTE,6,325,ELA
9,2017,9,CITRUS,6,326,ELA
10,2017,10,CLAY,6,330,ELA
11,2017,11,COLLIER,6,327,ELA
12,2017,12,COLUMBIA,6,325,ELA
13,2017,13,DADE,6,324,ELA
14,2017,14,DESOTO,6,318,ELA
15,2017,15,DIXIE,6,322,ELA
16,2017,16,DUVAL,6,321,ELA
17,2017,17,ESCAMBIA,6,319,ELA
18,2017,18,FLAGLER,6,329,ELA
19,2017,19,FRANKLIN,6,322,ELA
20,2017,20,GADSDEN,6,314,ELA
21,2017,21,GILCHRIST,6,328,ELA
22,2017,22,GLADES,6,322,ELA
23,2017,23,GULF,6,329,ELA
24,2017,24,HAMILTON,6,311,ELA
25,2017,25,HARDEE,6,316,ELA
26,2017,26,HENDRY,6,320,ELA
27,2017,27,HERNANDO,6,325,ELA
28,2017,28,HIGHLANDS,6,321,ELA
29,2017,29,HILLSBOROUGH,6,323,ELA
30,2017,30,HOLMES,6,316,ELA
31,2017,31,INDIAN RIVER,6,323,ELA
32,2017,32,JACKSON,6,325,ELA
33,2017,33,JEFFERSON,6,303,ELA
34,2017,34,LAFAYETTE,6,324,ELA
35,2017,35,LAKE,6,324,ELA
36,2017,36,LEE,6,325,ELA
37,2017,37,LEON,6,327,ELA
38,2017,38,LEVY,6,318,ELA
39,2017,39,LIBERTY,6,323,ELA
40,2017,40,MADISON,6,314,ELA
41,2017,41,MANATEE,6,324,ELA
42,2017,42,MARION,6,321,ELA
43,2017,43,MARTIN,6,329,ELA
44,2017,44,MONROE,6,327,ELA
45,2017,45,NASSAU,6,329,ELA
46,2017,46,OKALOOSA,6,330,ELA
47,2017,47,OKEECHOBEE,6,317,ELA
48,2017,48,ORANGE,6,325,ELA
49,2017,49,OSCEOLA,6,322,ELA
50,2017,50,PALM BEACH,6,325,ELA
51,2017,51,PASCO,6,326,ELA
52,2017,52,PINELLAS,6,324,ELA
53,2017,53,POLK,6,321,ELA
54,2017,54,PUTNAM,6,317,ELA
55,2017,55,ST. JOHNS,6,336,ELA
56,2017,56,ST. LUCIE,6,323,ELA
57,2017,57,SANTA ROSA,6,330,ELA
58,2017,58,SARASOTA,6,333,ELA
59,2017,59,SEMINOLE,6,329,ELA
60,2017,60,SUMTER,6,330,ELA
61,2017,61,SUWANNEE,6,323,ELA
62,2017,62,TAYLOR,6,319,ELA
63,2017,63,UNION,6,326,ELA
64,2017,64,VOLUSIA,6,324,ELA
65,2017,65,WAKULLA,6,328,ELA
66,2017,66,WALTON,6,328,ELA
67,2017,67,WASHINGTON,6,321,ELA
68,2017,68,DEAF/BLIND,6,306,ELA
69,2017,71,FL VIRTUAL,6,332,ELA
70,2017,72,FAU LAB SCH,6,337,ELA
71,2017,73,FSU LAB SCH,6,330,ELA
72,2017,74,FAMU LAB SCH,6,319,ELA
73,2017,75,UF LAB SCH,6,332,ELA
0,2017,0,STATE TOTALS,7,332,ELA
1,2017,1,ALACHUA,7,336,ELA
2,2017,2,BAKER,7,328,ELA
3,2017,3,BAY,7,331,ELA
4,2017,4,BRADFORD,7,323,ELA
5,2017,5,BREVARD,7,336,ELA
6,2017,6,BROWARD,7,333,ELA
7,2017,7,CALHOUN,7,336,ELA
8,2017,8,CHARLOTTE,7,330,ELA
9,2017,9,CITRUS,7,331,ELA
10,2017,10,CLAY,7,336,ELA
11,2017,11,COLLIER,7,335,ELA
12,2017,12,COLUMBIA,7,329,ELA
13,2017,13,DADE,7,332,ELA
14,2017,14,DESOTO,7,320,ELA
15,2017,15,DIXIE,7,330,ELA
16,2017,16,DUVAL,7,329,ELA
17,2017,17,ESCAMBIA,7,326,ELA
18,2017,18,FLAGLER,7,334,ELA
19,2017,19,FRANKLIN,7,324,ELA
20,2017,20,GADSDEN,7,321,ELA
21,2017,21,GILCHRIST,7,336,ELA
22,2017,22,GLADES,7,327,ELA
23,2017,23,GULF,7,336,ELA
24,2017,24,HAMILTON,7,316,ELA
25,2017,25,HARDEE,7,320,ELA
26,2017,26,HENDRY,7,321,ELA
27,2017,27,HERNANDO,7,332,ELA
28,2017,28,HIGHLANDS,7,329,ELA
29,2017,29,HILLSBOROUGH,7,333,ELA
30,2017,30,HOLMES,7,331,ELA
31,2017,31,INDIAN RIVER,7,331,ELA
32,2017,32,JACKSON,7,332,ELA
33,2017,33,JEFFERSON,7,314,ELA
34,2017,34,LAFAYETTE,7,333,ELA
35,2017,35,LAKE,7,329,ELA
36,2017,36,LEE,7,332,ELA
37,2017,37,LEON,7,334,ELA
38,2017,38,LEVY,7,325,ELA
39,2017,39,LIBERTY,7,326,ELA
40,2017,40,MADISON,7,323,ELA
41,2017,41,MANATEE,7,331,ELA
42,2017,42,MARION,7,328,ELA
43,2017,43,MARTIN,7,335,ELA
44,2017,44,MONROE,7,336,ELA
45,2017,45,NASSAU,7,335,ELA
46,2017,46,OKALOOSA,7,338,ELA
47,2017,47,OKEECHOBEE,7,324,ELA
48,2017,48,ORANGE,7,332,ELA
49,2017,49,OSCEOLA,7,329,ELA
50,2017,50,PALM BEACH,7,334,ELA
51,2017,51,PASCO,7,332,ELA
52,2017,52,PINELLAS,7,331,ELA
53,2017,53,POLK,7,329,ELA
54,2017,54,PUTNAM,7,325,ELA
55,2017,55,ST. JOHNS,7,344,ELA
56,2017,56,ST. LUCIE,7,330,ELA
57,2017,57,SANTA ROSA,7,339,ELA
58,2017,58,SARASOTA,7,339,ELA
59,2017,59,SEMINOLE,7,336,ELA
60,2017,60,SUMTER,7,335,ELA
61,2017,61,SUWANNEE,7,327,ELA
62,2017,62,TAYLOR,7,326,ELA
63,2017,63,UNION,7,332,ELA
64,2017,64,VOLUSIA,7,330,ELA
65,2017,65,WAKULLA,7,338,ELA
66,2017,66,WALTON,7,334,ELA
67,2017,67,WASHINGTON,7,328,ELA
68,2017,68,DEAF/BLIND,7,318,ELA
69,2017,71,FL VIRTUAL,7,342,ELA
70,2017,72,FAU LAB SCH,7,346,ELA
71,2017,73,FSU LAB SCH,7,335,ELA
72,2017,74,FAMU LAB SCH,7,329,ELA
73,2017,75,UF LAB SCH,7,340,ELA
0,2018,0,STATE TOTALS,3,302,ELA
1,2018,1,ALACHUA,3,303,ELA
2,2018,2,BAKER,3,308,ELA
3,2018,3,BAY,3,302,ELA
4,2018,4,BRADFORD,3,298,ELA
5,2018,5,BREVARD,3,305,ELA
6,2018,6,BROWARD,3,303,ELA
7,2018,7,CALHOUN,3,305,ELA
8,2018,8,CHARLOTTE,3,306,ELA
9,2018,9,CITRUS,3,304,ELA
10,2018,10,CLAY,3,307,ELA
11,2018,11,COLLIER,3,303,ELA
12,2018,12,COLUMBIA,3,302,ELA
13,2018,13,MIAMI-DADE,3,304,ELA
14,2018,14,DESOTO,3,289,ELA
15,2018,15,DIXIE,3,305,ELA
16,2018,16,DUVAL,3,299,ELA
17,2018,17,ESCAMBIA,3,300,ELA
18,2018,18,FLAGLER,3,305,ELA
19,2018,19,FRANKLIN,3,298,ELA
20,2018,20,GADSDEN,3,294,ELA
21,2018,21,GILCHRIST,3,304,ELA
22,2018,22,GLADES,3,301,ELA
23,2018,23,GULF,3,299,ELA
24,2018,24,HAMILTON,3,294,ELA
25,2018,25,HARDEE,3,302,ELA
26,2018,26,HENDRY,3,296,ELA
27,2018,27,HERNANDO,3,304,ELA
28,2018,28,HIGHLANDS,3,298,ELA
29,2018,29,HILLSBOROUGH,3,300,ELA
30,2018,30,HOLMES,3,302,ELA
31,2018,31,INDIAN RIVER,3,302,ELA
32,2018,32,JACKSON,3,305,ELA
33,2018,33,JEFFERSON,3,292,ELA
34,2018,34,LAFAYETTE,3,304,ELA
35,2018,35,LAKE,3,303,ELA
36,2018,36,LEE,3,301,ELA
37,2018,37,LEON,3,305,ELA
38,2018,38,LEVY,3,297,ELA
39,2018,39,LIBERTY,3,306,ELA
40,2018,40,MADISON,3,300,ELA
41,2018,41,MANATEE,3,298,ELA
42,2018,42,MARION,3,295,ELA
43,2018,43,MARTIN,3,301,ELA
44,2018,44,MONROE,3,305,ELA
45,2018,45,NASSAU,3,310,ELA
46,2018,46,OKALOOSA,3,307,ELA
47,2018,47,OKEECHOBEE,3,301,ELA
48,2018,48,ORANGE,3,300,ELA
49,2018,49,OSCEOLA,3,298,ELA
50,2018,50,PALM BEACH,3,301,ELA
51,2018,51,PASCO,3,302,ELA
52,2018,52,PINELLAS,3,300,ELA
53,2018,53,POLK,3,299,ELA
54,2018,54,PUTNAM,3,294,ELA
55,2018,55,ST. JOHNS,3,313,ELA
56,2018,56,ST. LUCIE,3,297,ELA
57,2018,57,SANTA ROSA,3,307,ELA
58,2018,58,SARASOTA,3,308,ELA
59,2018,59,SEMINOLE,3,306,ELA
60,2018,60,SUMTER,3,307,ELA
61,2018,61,SUWANNEE,3,301,ELA
62,2018,62,TAYLOR,3,302,ELA
63,2018,63,UNION,3,307,ELA
64,2018,64,VOLUSIA,3,301,ELA
65,2018,65,WAKULLA,3,304,ELA
66,2018,66,WALTON,3,306,ELA
67,2018,67,WASHINGTON,3,305,ELA
68,2018,68,DEAF/BLIND,3,274,ELA
69,2018,71,FL VIRTUAL,3,306,ELA
70,2018,72,FAU LAB SCH,3,311,ELA
71,2018,73,FSU LAB SCH,3,316,ELA
72,2018,74,FAMU LAB SCH,3,298,ELA
73,2018,75,UF LAB SCH,3,315,ELA
0,2018,0,STATE TOTALS,4,312,ELA
1,2018,1,ALACHUA,4,312,ELA
2,2018,2,BAKER,4,307,ELA
3,2018,3,BAY,4,310,ELA
4,2018,4,BRADFORD,4,307,ELA
5,2018,5,BREVARD,4,312,ELA
6,2018,6,BROWARD,4,313,ELA
7,2018,7,CALHOUN,4,314,ELA
8,2018,8,CHARLOTTE,4,312,ELA
9,2018,9,CITRUS,4,311,ELA
10,2018,10,CLAY,4,315,ELA
11,2018,11,COLLIER,4,315,ELA
12,2018,12,COLUMBIA,4,313,ELA
13,2018,13,MIAMI-DADE,4,314,ELA
14,2018,14,DESOTO,4,305,ELA
15,2018,15,DIXIE,4,308,ELA
16,2018,16,DUVAL,4,309,ELA
17,2018,17,ESCAMBIA,4,310,ELA
18,2018,18,FLAGLER,4,314,ELA
19,2018,19,FRANKLIN,4,308,ELA
20,2018,20,GADSDEN,4,304,ELA
21,2018,21,GILCHRIST,4,316,ELA
22,2018,22,GLADES,4,312,ELA
23,2018,23,GULF,4,309,ELA
24,2018,24,HAMILTON,4,306,ELA
25,2018,25,HARDEE,4,311,ELA
26,2018,26,HENDRY,4,309,ELA
27,2018,27,HERNANDO,4,312,ELA
28,2018,28,HIGHLANDS,4,307,ELA
29,2018,29,HILLSBOROUGH,4,312,ELA
30,2018,30,HOLMES,4,309,ELA
31,2018,31,INDIAN RIVER,4,312,ELA
32,2018,32,JACKSON,4,316,ELA
33,2018,33,JEFFERSON,4,308,ELA
34,2018,34,LAFAYETTE,4,311,ELA
35,2018,35,LAKE,4,313,ELA
36,2018,36,LEE,4,311,ELA
37,2018,37,LEON,4,314,ELA
38,2018,38,LEVY,4,307,ELA
39,2018,39,LIBERTY,4,307,ELA
40,2018,40,MADISON,4,309,ELA
41,2018,41,MANATEE,4,310,ELA
42,2018,42,MARION,4,306,ELA
43,2018,43,MARTIN,4,313,ELA
44,2018,44,MONROE,4,316,ELA
45,2018,45,NASSAU,4,318,ELA
46,2018,46,OKALOOSA,4,315,ELA
47,2018,47,OKEECHOBEE,4,306,ELA
48,2018,48,ORANGE,4,311,ELA
49,2018,49,OSCEOLA,4,308,ELA
50,2018,50,PALM BEACH,4,314,ELA
51,2018,51,PASCO,4,312,ELA
52,2018,52,PINELLAS,4,310,ELA
53,2018,53,POLK,4,309,ELA
54,2018,54,PUTNAM,4,303,ELA
55,2018,55,ST. JOHNS,4,321,ELA
56,2018,56,ST. LUCIE,4,310,ELA
57,2018,57,SANTA ROSA,4,317,ELA
58,2018,58,SARASOTA,4,318,ELA
59,2018,59,SEMINOLE,4,316,ELA
60,2018,60,SUMTER,4,318,ELA
61,2018,61,SUWANNEE,4,308,ELA
62,2018,62,TAYLOR,4,309,ELA
63,2018,63,UNION,4,316,ELA
64,2018,64,VOLUSIA,4,311,ELA
65,2018,65,WAKULLA,4,315,ELA
66,2018,66,WALTON,4,315,ELA
67,2018,67,WASHINGTON,4,313,ELA
68,2018,68,DEAF/BLIND,4,280,ELA
69,2018,71,FL VIRTUAL,4,315,ELA
70,2018,72,FAU LAB SCH,4,319,ELA
71,2018,73,FSU LAB SCH,4,325,ELA
72,2018,74,FAMU LAB SCH,4,307,ELA
73,2018,75,UF LAB SCH,4,319,ELA
0,2018,0,STATE TOTALS,5,322,ELA
1,2018,1,ALACHUA,5,322,ELA
2,2018,2,BAKER,5,317,ELA
3,2018,3,BAY,5,320,ELA
4,2018,4,BRADFORD,5,316,ELA
5,2018,5,BREVARD,5,322,ELA
6,2018,6,BROWARD,5,322,ELA
7,2018,7,CALHOUN,5,322,ELA
8,2018,8,CHARLOTTE,5,324,ELA
9,2018,9,CITRUS,5,322,ELA
10,2018,10,CLAY,5,324,ELA
11,2018,11,COLLIER,5,325,ELA
12,2018,12,COLUMBIA,5,321,ELA
13,2018,13,MIAMI-DADE,5,323,ELA
14,2018,14,DESOTO,5,311,ELA
15,2018,15,DIXIE,5,318,ELA
16,2018,16,DUVAL,5,320,ELA
17,2018,17,ESCAMBIA,5,316,ELA
18,2018,18,FLAGLER,5,322,ELA
19,2018,19,FRANKLIN,5,307,ELA
20,2018,20,GADSDEN,5,311,ELA
21,2018,21,GILCHRIST,5,328,ELA
22,2018,22,GLADES,5,312,ELA
23,2018,23,GULF,5,318,ELA
24,2018,24,HAMILTON,5,303,ELA
25,2018,25,HARDEE,5,322,ELA
26,2018,26,HENDRY,5,316,ELA
27,2018,27,HERNANDO,5,321,ELA
28,2018,28,HIGHLANDS,5,318,ELA
29,2018,29,HILLSBOROUGH,5,320,ELA
30,2018,30,HOLMES,5,319,ELA
31,2018,31,INDIAN RIVER,5,321,ELA
32,2018,32,JACKSON,5,323,ELA
33,2018,33,JEFFERSON,5,305,ELA
34,2018,34,LAFAYETTE,5,318,ELA
35,2018,35,LAKE,5,322,ELA
36,2018,36,LEE,5,320,ELA
37,2018,37,LEON,5,323,ELA
38,2018,38,LEVY,5,316,ELA
39,2018,39,LIBERTY,5,318,ELA
40,2018,40,MADISON,5,315,ELA
41,2018,41,MANATEE,5,321,ELA
42,2018,42,MARION,5,318,ELA
43,2018,43,MARTIN,5,325,ELA
44,2018,44,MONROE,5,323,ELA
45,2018,45,NASSAU,5,330,ELA
46,2018,46,OKALOOSA,5,327,ELA
47,2018,47,OKEECHOBEE,5,318,ELA
48,2018,48,ORANGE,5,321,ELA
49,2018,49,OSCEOLA,5,318,ELA
50,2018,50,PALM BEACH,5,324,ELA
51,2018,51,PASCO,5,322,ELA
52,2018,52,PINELLAS,5,320,ELA
53,2018,53,POLK,5,319,ELA
54,2018,54,PUTNAM,5,313,ELA
55,2018,55,ST. JOHNS,5,332,ELA
56,2018,56,ST. LUCIE,5,319,ELA
57,2018,57,SANTA ROSA,5,326,ELA
58,2018,58,SARASOTA,5,328,ELA
59,2018,59,SEMINOLE,5,326,ELA
60,2018,60,SUMTER,5,327,ELA
61,2018,61,SUWANNEE,5,319,ELA
62,2018,62,TAYLOR,5,317,ELA
63,2018,63,UNION,5,323,ELA
64,2018,64,VOLUSIA,5,320,ELA
65,2018,65,WAKULLA,5,326,ELA
66,2018,66,WALTON,5,323,ELA
67,2018,67,WASHINGTON,5,321,ELA
68,2018,68,DEAF/BLIND,5,285,ELA
69,2018,71,FL VIRTUAL,5,325,ELA
70,2018,72,FAU LAB SCH,5,333,ELA
71,2018,73,FSU LAB SCH,5,337,ELA
72,2018,74,FAMU LAB SCH,5,313,ELA
73,2018,75,UF LAB SCH,5,329,ELA
0,2018,0,STATE TOTALS,6,325,ELA
1,2018,1,ALACHUA,6,327,ELA
2,2018,2,BAKER,6,323,ELA
3,2018,3,BAY,6,325,ELA
4,2018,4,BRADFORD,6,317,ELA
5,2018,5,BREVARD,6,331,ELA
6,2018,6,BROWARD,6,326,ELA
7,2018,7,CALHOUN,6,325,ELA
8,2018,8,CHARLOTTE,6,324,ELA
9,2018,9,CITRUS,6,328,ELA
10,2018,10,CLAY,6,331,ELA
11,2018,11,COLLIER,6,329,ELA
12,2018,12,COLUMBIA,6,326,ELA
13,2018,13,MIAMI-DADE,6,325,ELA
14,2018,14,DESOTO,6,314,ELA
15,2018,15,DIXIE,6,318,ELA
16,2018,16,DUVAL,6,321,ELA
17,2018,17,ESCAMBIA,6,319,ELA
18,2018,18,FLAGLER,6,327,ELA
19,2018,19,FRANKLIN,6,318,ELA
20,2018,20,GADSDEN,6,315,ELA
21,2018,21,GILCHRIST,6,329,ELA
22,2018,22,GLADES,6,323,ELA
23,2018,23,GULF,6,328,ELA
24,2018,24,HAMILTON,6,315,ELA
25,2018,25,HARDEE,6,321,ELA
26,2018,26,HENDRY,6,317,ELA
27,2018,27,HERNANDO,6,326,ELA
28,2018,28,HIGHLANDS,6,322,ELA
29,2018,29,HILLSBOROUGH,6,325,ELA
30,2018,30,HOLMES,6,320,ELA
31,2018,31,INDIAN RIVER,6,324,ELA
32,2018,32,JACKSON,6,329,ELA
33,2018,33,JEFFERSON,6,311,ELA
34,2018,34,LAFAYETTE,6,322,ELA
35,2018,35,LAKE,6,323,ELA
36,2018,36,LEE,6,324,ELA
37,2018,37,LEON,6,329,ELA
38,2018,38,LEVY,6,316,ELA
39,2018,39,LIBERTY,6,327,ELA
40,2018,40,MADISON,6,315,ELA
41,2018,41,MANATEE,6,322,ELA
42,2018,42,MARION,6,321,ELA
43,2018,43,MARTIN,6,328,ELA
44,2018,44,MONROE,6,329,ELA
45,2018,45,NASSAU,6,331,ELA
46,2018,46,OKALOOSA,6,330,ELA
47,2018,47,OKEECHOBEE,6,320,ELA
48,2018,48,ORANGE,6,322,ELA
49,2018,49,OSCEOLA,6,321,ELA
50,2018,50,PALM BEACH,6,326,ELA
51,2018,51,PASCO,6,324,ELA
52,2018,52,PINELLAS,6,323,ELA
53,2018,53,POLK,6,319,ELA
54,2018,54,PUTNAM,6,320,ELA
55,2018,55,ST. JOHNS,6,336,ELA
56,2018,56,ST. LUCIE,6,323,ELA
57,2018,57,SANTA ROSA,6,329,ELA
58,2018,58,SARASOTA,6,332,ELA
59,2018,59,SEMINOLE,6,328,ELA
60,2018,60,SUMTER,6,330,ELA
61,2018,61,SUWANNEE,6,320,ELA
62,2018,62,TAYLOR,6,326,ELA
63,2018,63,UNION,6,325,ELA
64,2018,64,VOLUSIA,6,323,ELA
65,2018,65,WAKULLA,6,327,ELA
66,2018,66,WALTON,6,330,ELA
67,2018,67,WASHINGTON,6,326,ELA
68,2018,68,DEAF/BLIND,6,301,ELA
69,2018,71,FL VIRTUAL,6,336,ELA
70,2018,72,FAU LAB SCH,6,336,ELA
71,2018,73,FSU LAB SCH,6,334,ELA
72,2018,74,FAMU LAB SCH,6,321,ELA
73,2018,75,UF LAB SCH,6,340,ELA
0,2018,0,STATE TOTALS,7,331,ELA
1,2018,1,ALACHUA,7,335,ELA
2,2018,2,BAKER,7,328,ELA
3,2018,3,BAY,7,331,ELA
4,2018,4,BRADFORD,7,324,ELA
5,2018,5,BREVARD,7,334,ELA
6,2018,6,BROWARD,7,333,ELA
7,2018,7,CALHOUN,7,337,ELA
8,2018,8,CHARLOTTE,7,332,ELA
9,2018,9,CITRUS,7,330,ELA
10,2018,10,CLAY,7,334,ELA
11,2018,11,COLLIER,7,334,ELA
12,2018,12,COLUMBIA,7,330,ELA
13,2018,13,MIAMI-DADE,7,332,ELA
14,2018,14,DESOTO,7,322,ELA
15,2018,15,DIXIE,7,329,ELA
16,2018,16,DUVAL,7,327,ELA
17,2018,17,ESCAMBIA,7,325,ELA
18,2018,18,FLAGLER,7,332,ELA
19,2018,19,FRANKLIN,7,323,ELA
20,2018,20,GADSDEN,7,322,ELA
21,2018,21,GILCHRIST,7,336,ELA
22,2018,22,GLADES,7,323,ELA
23,2018,23,GULF,7,330,ELA
24,2018,24,HAMILTON,7,316,ELA
25,2018,25,HARDEE,7,324,ELA
26,2018,26,HENDRY,7,324,ELA
27,2018,27,HERNANDO,7,331,ELA
28,2018,28,HIGHLANDS,7,326,ELA
29,2018,29,HILLSBOROUGH,7,332,ELA
30,2018,30,HOLMES,7,327,ELA
31,2018,31,INDIAN RIVER,7,329,ELA
32,2018,32,JACKSON,7,329,ELA
33,2018,33,JEFFERSON,7,320,ELA
34,2018,34,LAFAYETTE,7,334,ELA
35,2018,35,LAKE,7,330,ELA
36,2018,36,LEE,7,331,ELA
37,2018,37,LEON,7,334,ELA
38,2018,38,LEVY,7,327,ELA
39,2018,39,LIBERTY,7,333,ELA
40,2018,40,MADISON,7,324,ELA
41,2018,41,MANATEE,7,330,ELA
42,2018,42,MARION,7,327,ELA
43,2018,43,MARTIN,7,336,ELA
44,2018,44,MONROE,7,333,ELA
45,2018,45,NASSAU,7,336,ELA
46,2018,46,OKALOOSA,7,335,ELA
47,2018,47,OKEECHOBEE,7,322,ELA
48,2018,48,ORANGE,7,329,ELA
49,2018,49,OSCEOLA,7,327,ELA
50,2018,50,PALM BEACH,7,333,ELA
51,2018,51,PASCO,7,332,ELA
52,2018,52,PINELLAS,7,329,ELA
53,2018,53,POLK,7,326,ELA
54,2018,54,PUTNAM,7,324,ELA
55,2018,55,ST. JOHNS,7,342,ELA
56,2018,56,ST. LUCIE,7,331,ELA
57,2018,57,SANTA ROSA,7,335,ELA
58,2018,58,SARASOTA,7,339,ELA
59,2018,59,SEMINOLE,7,334,ELA
60,2018,60,SUMTER,7,335,ELA
61,2018,61,SUWANNEE,7,327,ELA
62,2018,62,TAYLOR,7,325,ELA
63,2018,63,UNION,7,334,ELA
64,2018,64,VOLUSIA,7,329,ELA
65,2018,65,WAKULLA,7,339,ELA
66,2018,66,WALTON,7,335,ELA
67,2018,67,WASHINGTON,7,330,ELA
68,2018,68,DEAF/BLIND,7,307,ELA
69,2018,71,FL VIRTUAL,7,342,ELA
70,2018,72,FAU LAB SCH,7,348,ELA
71,2018,73,FSU LAB SCH,7,340,ELA
72,2018,74,FAMU LAB SCH,7,328,ELA
73,2018,75,UF LAB SCH,7,339,ELA
0,2019,0,STATE TOTALS,3,302,ELA
1,2019,1,ALACHUA,3,302,ELA
2,2019,2,BAKER,3,310,ELA
3,2019,3,BAY,3,303,ELA
4,2019,4,BRADFORD,3,304,ELA
5,2019,5,BREVARD,3,305,ELA
6,2019,6,BROWARD,3,303,ELA
7,2019,7,CALHOUN,3,306,ELA
8,2019,8,CHARLOTTE,3,307,ELA
9,2019,9,CITRUS,3,303,ELA
10,2019,10,CLAY,3,307,ELA
11,2019,11,COLLIER,3,304,ELA
12,2019,12,COLUMBIA,3,306,ELA
13,2019,13,MIAMI-DADE,3,303,ELA
14,2019,14,DESOTO,3,291,ELA
15,2019,15,DIXIE,3,303,ELA
16,2019,16,DUVAL,3,299,ELA
17,2019,17,ESCAMBIA,3,301,ELA
18,2019,18,FLAGLER,3,307,ELA
19,2019,19,FRANKLIN,3,298,ELA
20,2019,20,GADSDEN,3,293,ELA
21,2019,21,GILCHRIST,3,305,ELA
22,2019,22,GLADES,3,303,ELA
23,2019,23,GULF,3,299,ELA
24,2019,24,HAMILTON,3,295,ELA
25,2019,25,HARDEE,3,303,ELA
26,2019,26,HENDRY,3,297,ELA
27,2019,27,HERNANDO,3,302,ELA
28,2019,28,HIGHLANDS,3,299,ELA
29,2019,29,HILLSBOROUGH,3,299,ELA
30,2019,30,HOLMES,3,302,ELA
31,2019,31,INDIAN RIVER,3,303,ELA
32,2019,32,JACKSON,3,303,ELA
33,2019,33,JEFFERSON,3,294,ELA
34,2019,34,LAFAYETTE,3,304,ELA
35,2019,35,LAKE,3,302,ELA
36,2019,36,LEE,3,302,ELA
37,2019,37,LEON,3,304,ELA
38,2019,38,LEVY,3,300,ELA
39,2019,39,LIBERTY,3,305,ELA
40,2019,40,MADISON,3,296,ELA
41,2019,41,MANATEE,3,299,ELA
42,2019,42,MARION,3,295,ELA
43,2019,43,MARTIN,3,300,ELA
44,2019,44,MONROE,3,307,ELA
45,2019,45,NASSAU,3,310,ELA
46,2019,46,OKALOOSA,3,307,ELA
47,2019,47,OKEECHOBEE,3,301,ELA
48,2019,48,ORANGE,3,300,ELA
49,2019,49,OSCEOLA,3,298,ELA
50,2019,50,PALM BEACH,3,300,ELA
51,2019,51,PASCO,3,303,ELA
52,2019,52,PINELLAS,3,302,ELA
53,2019,53,POLK,3,299,ELA
54,2019,54,PUTNAM,3,295,ELA
55,2019,55,ST. JOHNS,3,313,ELA
56,2019,56,ST. LUCIE,3,298,ELA
57,2019,57,SANTA ROSA,3,307,ELA
58,2019,58,SARASOTA,3,309,ELA
59,2019,59,SEMINOLE,3,307,ELA
60,2019,60,SUMTER,3,306,ELA
61,2019,61,SUWANNEE,3,302,ELA
62,2019,62,TAYLOR,3,303,ELA
63,2019,63,UNION,3,306,ELA
64,2019,64,VOLUSIA,3,302,ELA
65,2019,65,WAKULLA,3,307,ELA
66,2019,66,WALTON,3,306,ELA
67,2019,67,WASHINGTON,3,303,ELA
68,2019,68,DEAF/BLIND,3,274,ELA
69,2019,71,FL VIRTUAL,3,303,ELA
70,2019,72,FAU LAB SCH,3,312,ELA
71,2019,73,FSU LAB SCH,3,316,ELA
72,2019,74,FAMU LAB SCH,3,298,ELA
73,2019,75,UF LAB SCH,3,315,ELA
0,2019,0,STATE TOTALS,4,313,ELA
1,2019,1,ALACHUA,4,313,ELA
2,2019,2,BAKER,4,309,ELA
3,2019,3,BAY,4,313,ELA
4,2019,4,BRADFORD,4,309,ELA
5,2019,5,BREVARD,4,314,ELA
6,2019,6,BROWARD,4,315,ELA
7,2019,7,CALHOUN,4,315,ELA
8,2019,8,CHARLOTTE,4,313,ELA
9,2019,9,CITRUS,4,312,ELA
10,2019,10,CLAY,4,316,ELA
11,2019,11,COLLIER,4,313,ELA
12,2019,12,COLUMBIA,4,315,ELA
13,2019,13,MIAMI-DADE,4,316,ELA
14,2019,14,DESOTO,4,304,ELA
15,2019,15,DIXIE,4,313,ELA
16,2019,16,DUVAL,4,310,ELA
17,2019,17,ESCAMBIA,4,311,ELA
18,2019,18,FLAGLER,4,315,ELA
19,2019,19,FRANKLIN,4,305,ELA
20,2019,20,GADSDEN,4,306,ELA
21,2019,21,GILCHRIST,4,316,ELA
22,2019,22,GLADES,4,309,ELA
23,2019,23,GULF,4,307,ELA
24,2019,24,HAMILTON,4,304,ELA
25,2019,25,HARDEE,4,314,ELA
26,2019,26,HENDRY,4,308,ELA
27,2019,27,HERNANDO,4,314,ELA
28,2019,28,HIGHLANDS,4,309,ELA
29,2019,29,HILLSBOROUGH,4,312,ELA
30,2019,30,HOLMES,4,312,ELA
31,2019,31,INDIAN RIVER,4,315,ELA
32,2019,32,JACKSON,4,313,ELA
33,2019,33,JEFFERSON,4,300,ELA
34,2019,34,LAFAYETTE,4,315,ELA
35,2019,35,LAKE,4,314,ELA
36,2019,36,LEE,4,312,ELA
37,2019,37,LEON,4,313,ELA
38,2019,38,LEVY,4,309,ELA
39,2019,39,LIBERTY,4,313,ELA
40,2019,40,MADISON,4,308,ELA
41,2019,41,MANATEE,4,313,ELA
42,2019,42,MARION,4,309,ELA
43,2019,43,MARTIN,4,312,ELA
44,2019,44,MONROE,4,314,ELA
45,2019,45,NASSAU,4,318,ELA
46,2019,46,OKALOOSA,4,317,ELA
47,2019,47,OKEECHOBEE,4,309,ELA
48,2019,48,ORANGE,4,312,ELA
49,2019,49,OSCEOLA,4,309,ELA
50,2019,50,PALM BEACH,4,315,ELA
51,2019,51,PASCO,4,314,ELA
52,2019,52,PINELLAS,4,312,ELA
53,2019,53,POLK,4,309,ELA
54,2019,54,PUTNAM,4,307,ELA
55,2019,55,ST. JOHNS,4,323,ELA
56,2019,56,ST. LUCIE,4,310,ELA
57,2019,57,SANTA ROSA,4,317,ELA
58,2019,58,SARASOTA,4,318,ELA
59,2019,59,SEMINOLE,4,317,ELA
60,2019,60,SUMTER,4,316,ELA
61,2019,61,SUWANNEE,4,309,ELA
62,2019,62,TAYLOR,4,313,ELA
63,2019,63,UNION,4,321,ELA
64,2019,64,VOLUSIA,4,312,ELA
65,2019,65,WAKULLA,4,316,ELA
66,2019,66,WALTON,4,316,ELA
67,2019,67,WASHINGTON,4,317,ELA
68,2019,68,DEAF/BLIND,4,280,ELA
69,2019,71,FL VIRTUAL,4,316,ELA
70,2019,72,FAU LAB SCH,4,323,ELA
71,2019,73,FSU LAB SCH,4,328,ELA
72,2019,74,FAMU LAB SCH,4,309,ELA
73,2019,75,UF LAB SCH,4,317,ELA
0,2019,0,STATE TOTALS,5,322,ELA
1,2019,1,ALACHUA,5,322,ELA
2,2019,2,BAKER,5,317,ELA
3,2019,3,BAY,5,322,ELA
4,2019,4,BRADFORD,5,316,ELA
5,2019,5,BREVARD,5,323,ELA
6,2019,6,BROWARD,5,323,ELA
7,2019,7,CALHOUN,5,324,ELA
8,2019,8,CHARLOTTE,5,322,ELA
9,2019,9,CITRUS,5,322,ELA
10,2019,10,CLAY,5,325,ELA
11,2019,11,COLLIER,5,324,ELA
12,2019,12,COLUMBIA,5,324,ELA
13,2019,13,MIAMI-DADE,5,324,ELA
14,2019,14,DESOTO,5,314,ELA
15,2019,15,DIXIE,5,318,ELA
16,2019,16,DUVAL,5,319,ELA
17,2019,17,ESCAMBIA,5,319,ELA
18,2019,18,FLAGLER,5,323,ELA
19,2019,19,FRANKLIN,5,315,ELA
20,2019,20,GADSDEN,5,314,ELA
21,2019,21,GILCHRIST,5,329,ELA
22,2019,22,GLADES,5,320,ELA
23,2019,23,GULF,5,316,ELA
24,2019,24,HAMILTON,5,313,ELA
25,2019,25,HARDEE,5,320,ELA
26,2019,26,HENDRY,5,318,ELA
27,2019,27,HERNANDO,5,320,ELA
28,2019,28,HIGHLANDS,5,316,ELA
29,2019,29,HILLSBOROUGH,5,321,ELA
30,2019,30,HOLMES,5,319,ELA
31,2019,31,INDIAN RIVER,5,322,ELA
32,2019,32,JACKSON,5,323,ELA
33,2019,33,JEFFERSON,5,304,ELA
34,2019,34,LAFAYETTE,5,324,ELA
35,2019,35,LAKE,5,323,ELA
36,2019,36,LEE,5,321,ELA
37,2019,37,LEON,5,322,ELA
38,2019,38,LEVY,5,317,ELA
39,2019,39,LIBERTY,5,318,ELA
40,2019,40,MADISON,5,317,ELA
41,2019,41,MANATEE,5,320,ELA
42,2019,42,MARION,5,316,ELA
43,2019,43,MARTIN,5,323,ELA
44,2019,44,MONROE,5,326,ELA
45,2019,45,NASSAU,5,331,ELA
46,2019,46,OKALOOSA,5,328,ELA
47,2019,47,OKEECHOBEE,5,319,ELA
48,2019,48,ORANGE,5,320,ELA
49,2019,49,OSCEOLA,5,317,ELA
50,2019,50,PALM BEACH,5,324,ELA
51,2019,51,PASCO,5,322,ELA
52,2019,52,PINELLAS,5,321,ELA
53,2019,53,POLK,5,317,ELA
54,2019,54,PUTNAM,5,314,ELA
55,2019,55,ST. JOHNS,5,334,ELA
56,2019,56,ST. LUCIE,5,318,ELA
57,2019,57,SANTA ROSA,5,328,ELA
58,2019,58,SARASOTA,5,328,ELA
59,2019,59,SEMINOLE,5,326,ELA
60,2019,60,SUMTER,5,328,ELA
61,2019,61,SUWANNEE,5,318,ELA
62,2019,62,TAYLOR,5,318,ELA
63,2019,63,UNION,5,324,ELA
64,2019,64,VOLUSIA,5,321,ELA
65,2019,65,WAKULLA,5,325,ELA
66,2019,66,WALTON,5,326,ELA
67,2019,67,WASHINGTON,5,321,ELA
68,2019,68,DEAF/BLIND,5,280,ELA
69,2019,71,FL VIRTUAL,5,327,ELA
70,2019,72,FAU LAB SCH,5,329,ELA
71,2019,73,FSU LAB SCH,5,337,ELA
72,2019,74,FAMU LAB SCH,5,314,ELA
73,2019,75,UF LAB SCH,5,328,ELA
0,2019,0,STATE TOTALS,6,326,ELA
1,2019,1,ALACHUA,6,326,ELA
2,2019,2,BAKER,6,324,ELA
3,2019,3,BAY,6,328,ELA
4,2019,4,BRADFORD,6,321,ELA
5,2019,5,BREVARD,6,330,ELA
6,2019,6,BROWARD,6,327,ELA
7,2019,7,CALHOUN,6,329,ELA
8,2019,8,CHARLOTTE,6,325,ELA
9,2019,9,CITRUS,6,325,ELA
10,2019,10,CLAY,6,332,ELA
11,2019,11,COLLIER,6,327,ELA
12,2019,12,COLUMBIA,6,329,ELA
13,2019,13,MIAMI-DADE,6,327,ELA
14,2019,14,DESOTO,6,315,ELA
15,2019,15,DIXIE,6,325,ELA
16,2019,16,DUVAL,6,322,ELA
17,2019,17,ESCAMBIA,6,320,ELA
18,2019,18,FLAGLER,6,330,ELA
19,2019,19,FRANKLIN,6,316,ELA
20,2019,20,GADSDEN,6,317,ELA
21,2019,21,GILCHRIST,6,333,ELA
22,2019,22,GLADES,6,321,ELA
23,2019,23,GULF,6,325,ELA
24,2019,24,HAMILTON,6,313,ELA
25,2019,25,HARDEE,6,323,ELA
26,2019,26,HENDRY,6,319,ELA
27,2019,27,HERNANDO,6,325,ELA
28,2019,28,HIGHLANDS,6,321,ELA
29,2019,29,HILLSBOROUGH,6,326,ELA
30,2019,30,HOLMES,6,323,ELA
31,2019,31,INDIAN RIVER,6,325,ELA
32,2019,32,JACKSON,6,326,ELA
33,2019,33,JEFFERSON,6,314,ELA
34,2019,34,LAFAYETTE,6,323,ELA
35,2019,35,LAKE,6,325,ELA
36,2019,36,LEE,6,324,ELA
37,2019,37,LEON,6,326,ELA
38,2019,38,LEVY,6,321,ELA
39,2019,39,LIBERTY,6,322,ELA
40,2019,40,MADISON,6,319,ELA
41,2019,41,MANATEE,6,325,ELA
42,2019,42,MARION,6,321,ELA
43,2019,43,MARTIN,6,328,ELA
44,2019,44,MONROE,6,328,ELA
45,2019,45,NASSAU,6,331,ELA
46,2019,46,OKALOOSA,6,331,ELA
47,2019,47,OKEECHOBEE,6,323,ELA
48,2019,48,ORANGE,6,324,ELA
49,2019,49,OSCEOLA,6,322,ELA
50,2019,50,PALM BEACH,6,328,ELA
51,2019,51,PASCO,6,327,ELA
52,2019,52,PINELLAS,6,324,ELA
53,2019,53,POLK,6,323,ELA
54,2019,54,PUTNAM,6,320,ELA
55,2019,55,ST. JOHNS,6,337,ELA
56,2019,56,ST. LUCIE,6,325,ELA
57,2019,57,SANTA ROSA,6,331,ELA
58,2019,58,SARASOTA,6,332,ELA
59,2019,59,SEMINOLE,6,329,ELA
60,2019,60,SUMTER,6,330,ELA
61,2019,61,SUWANNEE,6,321,ELA
62,2019,62,TAYLOR,6,323,ELA
63,2019,63,UNION,6,332,ELA
64,2019,64,VOLUSIA,6,324,ELA
65,2019,65,WAKULLA,6,327,ELA
66,2019,66,WALTON,6,327,ELA
67,2019,67,WASHINGTON,6,326,ELA
68,2019,68,DEAF/BLIND,6,293,ELA
69,2019,71,FL VIRTUAL,6,335,ELA
70,2019,72,FAU LAB SCH,6,339,ELA
71,2019,73,FSU LAB SCH,6,336,ELA
72,2019,74,FAMU LAB SCH,6,326,ELA
73,2019,75,UF LAB SCH,6,335,ELA
0,2019,00,STATE TOTALS,7,332,ELA
1,2019,01,ALACHUA,7,333,ELA
2,2019,d,BAKER,7,329,ELA
3,2019,03,BAY,7,333,ELA
4,2019,04,BRADFORD,7,324,ELA
5,2019,05,BREVARD,7,335,ELA
6,2019,06,BROWARD,7,333,ELA
7,2019,07,CALHOUN,7,332,ELA
8,2019,08,CHARLOTTE,7,330,ELA
9,2019,09,CITRUS,7,333,ELA
10,2019,10,CLAY,7,336,ELA
11,2019,11,COLLIER,7,334,ELA
12,2019,12,COLUMBIA,7,333,ELA
13,2019,13,MIAMI-DADE,7,333,ELA
14,2019,14,DESOTO,7,319,ELA
15,2019,15,DIXIE,7,324,ELA
16,2019,16,DUVAL,7,327,ELA
17,2019,17,ESCAMBIA,7,326,ELA
18,2019,18,FLAGLER,7,333,ELA
19,2019,19,FRANKLIN,7,322,ELA
20,2019,20,GADSDEN,7,326,ELA
21,2019,21,GILCHRIST,7,334,ELA
22,2019,22,GLADES,7,328,ELA
23,2019,23,GULF,7,328,ELA
24,2019,24,HAMILTON,7,319,ELA
25,2019,25,HARDEE,7,325,ELA
26,2019,26,HENDRY,7,322,ELA
27,2019,27,HERNANDO,7,332,ELA
28,2019,28,HIGHLANDS,7,327,ELA
29,2019,29,HILLSBOROUGH,7,333,ELA
30,2019,30,HOLMES,7,330,ELA
31,2019,31,INDIAN RIVER,7,332,ELA
32,2019,32,JACKSON,7,335,ELA
33,2019,33,JEFFERSON,7,318,ELA
34,2019,34,LAFAYETTE,7,323,ELA
35,2019,35,LAKE,7,330,ELA
36,2019,36,LEE,7,330,ELA
37,2019,37,LEON,7,335,ELA
38,2019,38,LEVY,7,325,ELA
39,2019,39,LIBERTY,7,334,ELA
40,2019,40,MADISON,7,323,ELA
41,2019,41,MANATEE,7,330,ELA
42,2019,42,MARION,7,328,ELA
43,2019,43,MARTIN,7,333,ELA
44,2019,44,MONROE,7,335,ELA
45,2019,45,NASSAU,7,336,ELA
46,2019,46,OKALOOSA,7,336,ELA
47,2019,47,OKEECHOBEE,7,324,ELA
48,2019,48,ORANGE,7,329,ELA
49,2019,49,OSCEOLA,7,328,ELA
50,2019,50,PALM BEACH,7,333,ELA
51,2019,51,PASCO,7,331,ELA
52,2019,52,PINELLAS,7,331,ELA
53,2019,53,POLK,7,326,ELA
54,2019,54,PUTNAM,7,325,ELA
55,2019,55,ST. JOHNS,7,343,ELA
56,2019,56,ST. LUCIE,7,330,ELA
57,2019,57,SANTA ROSA,7,335,ELA
58,2019,58,SARASOTA,7,339,ELA
59,2019,59,SEMINOLE,7,335,ELA
60,2019,60,SUMTER,7,337,ELA
61,2019,61,SUWANNEE,7,327,ELA
62,2019,62,TAYLOR,7,331,ELA
63,2019,63,UNION,7,333,ELA
64,2019,64,VOLUSIA,7,329,ELA
65,2019,65,WAKULLA,7,336,ELA
66,2019,66,WALTON,7,337,ELA
67,2019,67,WASHINGTON,7,331,ELA
68,2019,68,DEAF/BLIND,7,313,ELA
69,2019,71,FL VIRTUAL,7,342,ELA
70,2019,72,FAU LAB SCH,7,346,ELA
71,2019,73,FSU LAB SCH,7,343,ELA
72,2019,74,FAMU LAB SCH,7,332,ELA
73,2019,75,UF LAB SCH,7,345,ELA
0,2021,0,STATE TOTALS,3,300,ELA
1,2021,1,ALACHUA,3,300,ELA
2,2021,2,BAKER,3,306,ELA
3,2021,3,BAY,3,299,ELA
4,2021,4,BRADFORD,3,298,ELA
5,2021,5,BREVARD,3,302,ELA
6,2021,6,BROWARD,3,300,ELA
7,2021,7,CALHOUN,3,302,ELA
8,2021,8,CHARLOTTE,3,304,ELA
9,2021,9,CITRUS,3,300,ELA
10,2021,10,CLAY,3,304,ELA
11,2021,11,COLLIER,3,303,ELA
12,2021,12,COLUMBIA,3,302,ELA
13,2021,13,MIAMI-DADE,3,301,ELA
14,2021,14,DESOTO,3,288,ELA
15,2021,15,DIXIE,3,299,ELA
16,2021,16,DUVAL,3,296,ELA
17,2021,17,ESCAMBIA,3,299,ELA
18,2021,18,FLAGLER,3,302,ELA
19,2021,19,FRANKLIN,3,289,ELA
20,2021,20,GADSDEN,3,290,ELA
21,2021,21,GILCHRIST,3,301,ELA
22,2021,22,GLADES,3,292,ELA
23,2021,23,GULF,3,298,ELA
24,2021,24,HAMILTON,3,294,ELA
25,2021,25,HARDEE,3,300,ELA
26,2021,26,HENDRY,3,292,ELA
27,2021,27,HERNANDO,3,301,ELA
28,2021,28,HIGHLANDS,3,296,ELA
29,2021,29,HILLSBOROUGH,3,298,ELA
30,2021,30,HOLMES,3,297,ELA
31,2021,31,INDIAN RIVER,3,302,ELA
32,2021,32,JACKSON,3,302,ELA
33,2021,33,JEFFERSON,3,289,ELA
34,2021,34,LAFAYETTE,3,304,ELA
35,2021,35,LAKE,3,299,ELA
36,2021,36,LEE,3,298,ELA
37,2021,37,LEON,3,301,ELA
38,2021,38,LEVY,3,299,ELA
39,2021,39,LIBERTY,3,304,ELA
40,2021,40,MADISON,3,295,ELA
41,2021,41,MANATEE,3,297,ELA
42,2021,42,MARION,3,294,ELA
43,2021,43,MARTIN,3,298,ELA
44,2021,44,MONROE,3,302,ELA
45,2021,45,NASSAU,3,307,ELA
46,2021,46,OKALOOSA,3,304,ELA
47,2021,47,OKEECHOBEE,3,298,ELA
48,2021,48,ORANGE,3,299,ELA
49,2021,49,OSCEOLA,3,296,ELA
50,2021,50,PALM BEACH,3,299,ELA
51,2021,51,PASCO,3,300,ELA
52,2021,52,PINELLAS,3,300,ELA
53,2021,53,POLK,3,296,ELA
54,2021,54,PUTNAM,3,292,ELA
55,2021,55,ST. JOHNS,3,312,ELA
56,2021,56,ST. LUCIE,3,296,ELA
57,2021,57,SANTA ROSA,3,305,ELA
58,2021,58,SARASOTA,3,306,ELA
59,2021,59,SEMINOLE,3,305,ELA
60,2021,60,SUMTER,3,306,ELA
61,2021,61,SUWANNEE,3,300,ELA
62,2021,62,TAYLOR,3,294,ELA
63,2021,63,UNION,3,305,ELA
64,2021,64,VOLUSIA,3,299,ELA
65,2021,65,WAKULLA,3,303,ELA
66,2021,66,WALTON,3,303,ELA
67,2021,67,WASHINGTON,3,302,ELA
69,2021,71,FL VIRTUAL,3,308,ELA
70,2021,72,FAU LAB SCH,3,310,ELA
71,2021,73,FSU LAB SCH,3,314,ELA
72,2021,74,FAMU LAB SCH,3,291,ELA
73,2021,75,UF LAB SCH,3,307,ELA
0,2021,0,STATE TOTALS,4,310,ELA
1,2021,1,ALACHUA,4,309,ELA
2,2021,2,BAKER,4,310,ELA
3,2021,3,BAY,4,310,ELA
4,2021,4,BRADFORD,4,309,ELA
5,2021,5,BREVARD,4,313,ELA
6,2021,6,BROWARD,4,309,ELA
7,2021,7,CALHOUN,4,311,ELA
8,2021,8,CHARLOTTE,4,314,ELA
9,2021,9,CITRUS,4,310,ELA
10,2021,10,CLAY,4,314,ELA
11,2021,11,COLLIER,4,314,ELA
12,2021,12,COLUMBIA,4,313,ELA
13,2021,13,MIAMI-DADE,4,311,ELA
14,2021,14,DESOTO,4,299,ELA
15,2021,15,DIXIE,4,309,ELA
16,2021,16,DUVAL,4,305,ELA
17,2021,17,ESCAMBIA,4,308,ELA
18,2021,18,FLAGLER,4,312,ELA
19,2021,19,FRANKLIN,4,299,ELA
20,2021,20,GADSDEN,4,296,ELA
21,2021,21,GILCHRIST,4,313,ELA
22,2021,22,GLADES,4,303,ELA
23,2021,23,GULF,4,305,ELA
24,2021,24,HAMILTON,4,295,ELA
25,2021,25,HARDEE,4,313,ELA
26,2021,26,HENDRY,4,303,ELA
27,2021,27,HERNANDO,4,309,ELA
28,2021,28,HIGHLANDS,4,307,ELA
29,2021,29,HILLSBOROUGH,4,308,ELA
30,2021,30,HOLMES,4,308,ELA
31,2021,31,INDIAN RIVER,4,311,ELA
32,2021,32,JACKSON,4,314,ELA
33,2021,33,JEFFERSON,4,298,ELA
34,2021,34,LAFAYETTE,4,310,ELA
35,2021,35,LAKE,4,309,ELA
36,2021,36,LEE,4,309,ELA
37,2021,37,LEON,4,311,ELA
38,2021,38,LEVY,4,306,ELA
39,2021,39,LIBERTY,4,307,ELA
40,2021,40,MADISON,4,306,ELA
41,2021,41,MANATEE,4,312,ELA
42,2021,42,MARION,4,304,ELA
43,2021,43,MARTIN,4,308,ELA
44,2021,44,MONROE,4,312,ELA
45,2021,45,NASSAU,4,320,ELA
46,2021,46,OKALOOSA,4,314,ELA
47,2021,47,OKEECHOBEE,4,308,ELA
48,2021,48,ORANGE,4,308,ELA
49,2021,49,OSCEOLA,4,305,ELA
50,2021,50,PALM BEACH,4,309,ELA
51,2021,51,PASCO,4,309,ELA
52,2021,52,PINELLAS,4,312,ELA
53,2021,53,POLK,4,304,ELA
54,2021,54,PUTNAM,4,302,ELA
55,2021,55,ST. JOHNS,4,322,ELA
56,2021,56,ST. LUCIE,4,305,ELA
57,2021,57,SANTA ROSA,4,315,ELA
58,2021,58,SARASOTA,4,316,ELA
59,2021,59,SEMINOLE,4,316,ELA
60,2021,60,SUMTER,4,318,ELA
61,2021,61,SUWANNEE,4,304,ELA
62,2021,62,TAYLOR,4,300,ELA
63,2021,63,UNION,4,316,ELA
64,2021,64,VOLUSIA,4,310,ELA
65,2021,65,WAKULLA,4,316,ELA
66,2021,66,WALTON,4,314,ELA
67,2021,67,WASHINGTON,4,313,ELA
68,2021,68,DEAF/BLIND,4,282,ELA
69,2021,71,FL VIRTUAL,4,320,ELA
70,2021,72,FAU LAB SCH,4,324,ELA
71,2021,73,FSU LAB SCH,4,324,ELA
72,2021,74,FAMU LAB SCH,4,302,ELA
73,2021,75,UF LAB SCH,4,315,ELA
0,2021,0,STATE TOTALS,5,321,ELA
1,2021,1,ALACHUA,5,319,ELA
2,2021,2,BAKER,5,324,ELA
3,2021,3,BAY,5,320,ELA
4,2021,4,BRADFORD,5,319,ELA
5,2021,5,BREVARD,5,323,ELA
6,2021,6,BROWARD,5,321,ELA
7,2021,7,CALHOUN,5,318,ELA
8,2021,8,CHARLOTTE,5,326,ELA
9,2021,9,CITRUS,5,320,ELA
10,2021,10,CLAY,5,324,ELA
11,2021,11,COLLIER,5,326,ELA
12,2021,12,COLUMBIA,5,323,ELA
13,2021,13,MIAMI-DADE,5,321,ELA
14,2021,14,DESOTO,5,310,ELA
15,2021,15,DIXIE,5,320,ELA
16,2021,16,DUVAL,5,318,ELA
17,2021,17,ESCAMBIA,5,317,ELA
18,2021,18,FLAGLER,5,324,ELA
19,2021,19,FRANKLIN,5,314,ELA
20,2021,20,GADSDEN,5,305,ELA
21,2021,21,GILCHRIST,5,327,ELA
22,2021,22,GLADES,5,316,ELA
23,2021,23,GULF,5,313,ELA
24,2021,24,HAMILTON,5,310,ELA
25,2021,25,HARDEE,5,320,ELA
26,2021,26,HENDRY,5,313,ELA
27,2021,27,HERNANDO,5,319,ELA
28,2021,28,HIGHLANDS,5,318,ELA
29,2021,29,HILLSBOROUGH,5,320,ELA
30,2021,30,HOLMES,5,317,ELA
31,2021,31,INDIAN RIVER,5,322,ELA
32,2021,32,JACKSON,5,321,ELA
33,2021,33,JEFFERSON,5,304,ELA
34,2021,34,LAFAYETTE,5,320,ELA
35,2021,35,LAKE,5,322,ELA
36,2021,36,LEE,5,320,ELA
37,2021,37,LEON,5,321,ELA
38,2021,38,LEVY,5,317,ELA
39,2021,39,LIBERTY,5,320,ELA
40,2021,40,MADISON,5,315,ELA
41,2021,41,MANATEE,5,321,ELA
42,2021,42,MARION,5,317,ELA
43,2021,43,MARTIN,5,322,ELA
44,2021,44,MONROE,5,322,ELA
45,2021,45,NASSAU,5,334,ELA
46,2021,46,OKALOOSA,5,326,ELA
47,2021,47,OKEECHOBEE,5,317,ELA
48,2021,48,ORANGE,5,320,ELA
49,2021,49,OSCEOLA,5,315,ELA
50,2021,50,PALM BEACH,5,324,ELA
51,2021,51,PASCO,5,319,ELA
52,2021,52,PINELLAS,5,322,ELA
53,2021,53,POLK,5,316,ELA
54,2021,54,PUTNAM,5,313,ELA
55,2021,55,ST. JOHNS,5,334,ELA
56,2021,56,ST. LUCIE,5,318,ELA
57,2021,57,SANTA ROSA,5,326,ELA
58,2021,58,SARASOTA,5,328,ELA
59,2021,59,SEMINOLE,5,327,ELA
60,2021,60,SUMTER,5,327,ELA
61,2021,61,SUWANNEE,5,317,ELA
62,2021,62,TAYLOR,5,313,ELA
63,2021,63,UNION,5,320,ELA
64,2021,64,VOLUSIA,5,320,ELA
65,2021,65,WAKULLA,5,324,ELA
66,2021,66,WALTON,5,326,ELA
67,2021,67,WASHINGTON,5,319,ELA
68,2021,68,DEAF/BLIND,5,291,ELA
69,2021,71,FL VIRTUAL,5,331,ELA
70,2021,72,FAU LAB SCH,5,333,ELA
71,2021,73,FSU LAB SCH,5,336,ELA
72,2021,74,FAMU LAB SCH,5,314,ELA
73,2021,75,UF LAB SCH,5,327,ELA
0,2021,0,STATE TOTALS,6,325,ELA
1,2021,1,ALACHUA,6,324,ELA
2,2021,2,BAKER,6,322,ELA
3,2021,3,BAY,6,325,ELA
4,2021,4,BRADFORD,6,317,ELA
5,2021,5,BREVARD,6,330,ELA
6,2021,6,BROWARD,6,325,ELA
7,2021,7,CALHOUN,6,325,ELA
8,2021,8,CHARLOTTE,6,324,ELA
9,2021,9,CITRUS,6,324,ELA
10,2021,10,CLAY,6,332,ELA
11,2021,11,COLLIER,6,326,ELA
12,2021,12,COLUMBIA,6,326,ELA
13,2021,13,MIAMI-DADE,6,326,ELA
14,2021,14,DESOTO,6,315,ELA
15,2021,15,DIXIE,6,327,ELA
16,2021,16,DUVAL,6,320,ELA
17,2021,17,ESCAMBIA,6,318,ELA
18,2021,18,FLAGLER,6,328,ELA
19,2021,19,FRANKLIN,6,312,ELA
20,2021,20,GADSDEN,6,313,ELA
21,2021,21,GILCHRIST,6,332,ELA
22,2021,22,GLADES,6,318,ELA
23,2021,23,GULF,6,324,ELA
24,2021,24,HAMILTON,6,312,ELA
25,2021,25,HARDEE,6,322,ELA
26,2021,26,HENDRY,6,318,ELA
27,2021,27,HERNANDO,6,323,ELA
28,2021,28,HIGHLANDS,6,320,ELA
29,2021,29,HILLSBOROUGH,6,324,ELA
30,2021,30,HOLMES,6,320,ELA
31,2021,31,INDIAN RIVER,6,325,ELA
32,2021,32,JACKSON,6,326,ELA
33,2021,33,JEFFERSON,6,308,ELA
34,2021,34,LAFAYETTE,6,327,ELA
35,2021,35,LAKE,6,324,ELA
36,2021,36,LEE,6,324,ELA
37,2021,37,LEON,6,324,ELA
38,2021,38,LEVY,6,320,ELA
39,2021,39,LIBERTY,6,326,ELA
40,2021,40,MADISON,6,315,ELA
41,2021,41,MANATEE,6,325,ELA
42,2021,42,MARION,6,318,ELA
43,2021,43,MARTIN,6,326,ELA
44,2021,44,MONROE,6,325,ELA
45,2021,45,NASSAU,6,331,ELA
46,2021,46,OKALOOSA,6,329,ELA
47,2021,47,OKEECHOBEE,6,314,ELA
48,2021,48,ORANGE,6,324,ELA
49,2021,49,OSCEOLA,6,321,ELA
50,2021,50,PALM BEACH,6,326,ELA
51,2021,51,PASCO,6,325,ELA
52,2021,52,PINELLAS,6,323,ELA
53,2021,53,POLK,6,319,ELA
54,2021,54,PUTNAM,6,315,ELA
55,2021,55,ST. JOHNS,6,337,ELA
56,2021,56,ST. LUCIE,6,323,ELA
57,2021,57,SANTA ROSA,6,329,ELA
58,2021,58,SARASOTA,6,331,ELA
59,2021,59,SEMINOLE,6,329,ELA
60,2021,60,SUMTER,6,327,ELA
61,2021,61,SUWANNEE,6,320,ELA
62,2021,62,TAYLOR,6,326,ELA
63,2021,63,UNION,6,329,ELA
64,2021,64,VOLUSIA,6,321,ELA
65,2021,65,WAKULLA,6,328,ELA
66,2021,66,WALTON,6,328,ELA
67,2021,67,WASHINGTON,6,323,ELA
68,2021,68,DEAF/BLIND,6,292,ELA
69,2021,71,FL VIRTUAL,6,339,ELA
70,2021,72,FAU LAB SCH,6,340,ELA
71,2021,73,FSU LAB SCH,6,337,ELA
72,2021,74,FAMU LAB SCH,6,317,ELA
73,2021,75,UF LAB SCH,6,333,ELA
0,2021,0,STATE TOTALS,7,329,ELA
1,2021,1,ALACHUA,7,331,ELA
2,2021,2,BAKER,7,324,ELA
3,2021,3,BAY,7,330,ELA
4,2021,4,BRADFORD,7,317,ELA
5,2021,5,BREVARD,7,331,ELA
6,2021,6,BROWARD,7,330,ELA
7,2021,7,CALHOUN,7,333,ELA
8,2021,8,CHARLOTTE,7,329,ELA
9,2021,9,CITRUS,7,330,ELA
10,2021,10,CLAY,7,333,ELA
11,2021,11,COLLIER,7,332,ELA
12,2021,12,COLUMBIA,7,331,ELA
13,2021,13,MIAMI-DADE,7,331,ELA
14,2021,14,DESOTO,7,319,ELA
15,2021,15,DIXIE,7,327,ELA
16,2021,16,DUVAL,7,324,ELA
17,2021,17,ESCAMBIA,7,324,ELA
18,2021,18,FLAGLER,7,331,ELA
19,2021,19,FRANKLIN,7,318,ELA
20,2021,20,GADSDEN,7,320,ELA
21,2021,21,GILCHRIST,7,337,ELA
22,2021,22,GLADES,7,327,ELA
23,2021,23,GULF,7,323,ELA
24,2021,24,HAMILTON,7,320,ELA
25,2021,25,HARDEE,7,321,ELA
26,2021,26,HENDRY,7,325,ELA
27,2021,27,HERNANDO,7,329,ELA
28,2021,28,HIGHLANDS,7,323,ELA
29,2021,29,HILLSBOROUGH,7,329,ELA
30,2021,30,HOLMES,7,326,ELA
31,2021,31,INDIAN RIVER,7,329,ELA
32,2021,32,JACKSON,7,331,ELA
33,2021,33,JEFFERSON,7,312,ELA
34,2021,34,LAFAYETTE,7,337,ELA
35,2021,35,LAKE,7,329,ELA
36,2021,36,LEE,7,328,ELA
37,2021,37,LEON,7,330,ELA
38,2021,38,LEVY,7,324,ELA
39,2021,39,LIBERTY,7,332,ELA
40,2021,40,MADISON,7,320,ELA
41,2021,41,MANATEE,7,329,ELA
42,2021,42,MARION,7,323,ELA
43,2021,43,MARTIN,7,331,ELA
44,2021,44,MONROE,7,331,ELA
45,2021,45,NASSAU,7,336,ELA
46,2021,46,OKALOOSA,7,334,ELA
47,2021,47,OKEECHOBEE,7,323,ELA
48,2021,48,ORANGE,7,328,ELA
49,2021,49,OSCEOLA,7,326,ELA
50,2021,50,PALM BEACH,7,330,ELA
51,2021,51,PASCO,7,329,ELA
52,2021,52,PINELLAS,7,328,ELA
53,2021,53,POLK,7,325,ELA
54,2021,54,PUTNAM,7,322,ELA
55,2021,55,ST. JOHNS,7,340,ELA
56,2021,56,ST. LUCIE,7,328,ELA
57,2021,57,SANTA ROSA,7,335,ELA
58,2021,58,SARASOTA,7,336,ELA
59,2021,59,SEMINOLE,7,333,ELA
60,2021,60,SUMTER,7,333,ELA
61,2021,61,SUWANNEE,7,324,ELA
62,2021,62,TAYLOR,7,325,ELA
63,2021,63,UNION,7,333,ELA
64,2021,64,VOLUSIA,7,327,ELA
65,2021,65,WAKULLA,7,332,ELA
66,2021,66,WALTON,7,332,ELA
67,2021,67,WASHINGTON,7,327,ELA
68,2021,68,DEAF/BLIND,7,297,ELA
69,2021,71,FL VIRTUAL,7,343,ELA
70,2021,72,FAU LAB SCH,7,343,ELA
71,2021,73,FSU LAB SCH,7,340,ELA
72,2021,74,FAMU LAB SCH,7,322,ELA
73,2021,75,UF LAB SCH,7,336,ELA
